Style;Size(L);OG;FG;ABV;IBU;Color;BoilSize;BoilTime;BoilGravity;Efficiency;MashThickness;PitchRate;PrimaryTemp
American IPA;220;1074;1012;811;7915;1233;268;60;1061;630;30;35;200
Sweet Stout;4353;1063;1023;525;2923;4714;530;70;1052;800;133;10;
American IPA;100;105;1012;501;11305;584;164;60;1031;650;30;;200
American Pale Ale;2082;105;1012;488;4209;642;2839;60;1036;750;15;;200
American IPA;2082;1028;1005;305;5932;478;2839;60;1021;350;;;200
American Pale Ale;1893;106;1016;57;4014;863;265;60;1043;700;15;;
American Pale Ale;230;1053;1,009E+16;575;4303;947;285;60;1042;700;25;75;180
American IPA;2082;1057;1013;579;7237;568;2461;60;1048;500;15;;1889
American IPA;1893;1063;1016;616;9903;87;946;60;1125;700;;;
American IPA;50;1051;101;539;895;267;70;60;1036;800;;5;180
American IPA;250;105;1014;471;6473;537;300;60;1041;670;;;190
Saison;1703;1055;1006;643;2239;448;2271;90;1041;880;;;
American IPA;300;1061;1015;612;3519;628;385;60;1048;650;26;35;190
American Light Lager;1325;1053;1012;541;3818;452;1703;90;1041;700;125;;
American IPA;2082;1062;1013;644;5963;1071;2839;90;1043;700;15;;
American Pale Ale;2082;1051;1,017E+16;447;2933;582;265;90;104;350;;;
Saison;1893;1072;1002;912;1389;496;2517;80;1041;700;;10;2667
Sweet Stout;350;1,096E+16;1032;84;842;4423;400;60;1084;750;30;;
American IPA;400;1052;1013;509;3124;437;285;90;1073;700;30;;
American IPA;230;1072;1014;767;0;2678;110;60;1151;350;;;180
American Pale Ale;210;1052;1015;492;5583;831;285;90;1038;650;;35;200
American IPA;3975;1068;101;754;4743;595;4921;90;1055;700;15;10;2389
American IPA;220;1067;1012;715;689;783;300;120;1,049E+16;750;30;75;180
Saison;4164;1069;1013;738;3314;387;4921;90;1058;700;15;10;2333
Sweet Stout;250;1,066E+16;1021;60;2762;500;285;90;1058;610;26;;
American IPA;1893;1081;1,027E+16;704;13985;1052;871;60;1175;720;;;2111
American Pale Ale;210;1056;101;595;3608;547;280;75;1042;670;30;5;200
Robust Porter;1893;1,076E+16;1,019E+16;744;0;3496;1893;60;;750;;;
American IPA;128;1045;101;453;8583;1018;180;65;1032;850;38;75;160
Irish Red Ale;210;1057;1012;589;3211;2089;285;60;1042;750;;5;190
American IPA;1893;1064;1016;625;0;324;1893;60;;750;;;
American IPA;190;1064;1011;688;6785;732;300;45;104;650;30;35;180
American Pale Ale;230;106;1015;587;246;1199;285;60;1048;750;;;
American Pale Ale;2082;1,059E+16;101;644;4304;362;2839;60;1043;800;;;2111
Irish Red Ale;2271;1057;1016;539;2234;1406;1136;60;1115;350;;;
American Pale Ale;2082;1044;1011;43;1889;337;265;90;1034;650;15;5;2111
American IPA;230;1067;1011;728;580;1047;300;60;1051;700;40;75;200
American Pale Ale;1893;1062;1016;611;7056;672;946;60;1124;350;;;2111
American Pale Ale;176022;1,059E+16;1015;581;151;496;181889;60;1057;750;13;;1833
Saison;2082;1045;1,009E+16;473;2792;446;265;60;1036;700;15;35;
American IPA;1893;1072;1018;706;5919;633;2839;60;1048;700;15;;
American Pale Ale;200;1055;1012;564;3443;687;180;60;1061;770;50;75;190
American IPA;1893;1063;1011;681;5535;81;2271;60;1053;720;;5;200
Saison;500;105;101;525;1443;32;560;60;1042;800;30;35;300
American Amber Ale;2082;1055;1014;541;13813;1447;2839;60;104;700;15;35;
American IPA;1893;1074;1,019E+16;725;8806;566;2536;60;1055;720;13;75;2056
American IPA;1325;108;1015;849;478;731;1325;60;108;670;;;1778
American IPA;1893;1097;1025;938;15903;631;2461;60;1074;700;15;10;1889
American Pale Ale;260;1045;1013;422;5404;1294;130;60;1,049E+16;700;;;
Blonde Ale;180;104;1008;428;3035;347;148;60;1,049E+16;620;;5;190
Sweet Stout;2082;1063;1021;55;3806;4282;2839;90;1046;850;15;;2111
American Pale Ale;250;1047;1011;471;3251;764;320;90;1037;750;30;;200
Imperial IPA;1893;1074;1,019E+16;722;8177;803;265;60;1053;640;15;5;1889
American IPA;210;1067;1012;734;6818;847;285;60;105;650;;;
American Pale Ale;2271;1056;1013;559;4164;579;2934;90;1043;650;133;10;1944
American IPA;1893;1082;1016;87;10032;613;1136;60;1136;350;;;2111
American IPA;2196;1,059E+16;1012;618;8379;45;2574;60;105;680;1077;5;2278
American IPA;600;1089;1,017E+16;942;0;2127;700;60;1,076E+16;800;30;10;180
Imperial IPA;250;1,076E+16;1015;801;11467;642;290;75;1055;700;30;;170
American Pale Ale;2082;1081;1015;855;0;1283;2839;90;1,059E+16;700;15;125;200
American IPA;1893;1072;1013;768;6732;527;2461;60;1055;750;;35;200
American Pale Ale;450;1054;101;569;4213;1289;500;60;1048;700;;;200
Saison;210;1031;1006;328;0;436;285;60;1023;700;30;;230
American Pale Ale;2082;1047;1013;451;4665;468;265;60;;750;;;
American IPA;1893;1069;1,017E+16;68;4881;753;1136;60;1045;350;;;2111
American IPA;120;1064;1013;677;7492;1164;160;60;1048;700;;;200
American IPA;379;1063;1012;67;5771;51;568;60;1042;350;;125;200
American IPA;1987;107;1018;688;511;932;2366;60;1,059E+16;700;125;;1722
American IPA;200;1055;1,009E+16;598;4854;521;285;75;1,039E+16;700;30;;190
Blonde Ale;2082;1041;1008;44;2504;367;2574;60;1033;700;;;2111
American Light Lager;230;1048;1013;463;1772;543;285;60;1,039E+16;350;30;20;
American Pale Ale;4164;1053;1014;508;718;1271;4542;60;1048;700;133;5;1833
American IPA;210;1043;1014;38;2875;528;285;60;1032;700;50;;
American Pale Ale;4750;1,049E+16;1,009E+16;518;3229;329;4900;60;1047;750;15;;
American Amber Ale;2082;1075;1015;794;7435;1592;265;60;1,059E+16;720;;;1944
Robust Porter;946;1075;1018;749;7176;400;1893;90;1037;700;;;
American Pale Ale;1514;1047;1008;509;4012;328;1893;60;1037;720;;;2389
American Light Lager;600;1058;102;501;3252;2838;800;75;1043;840;30;;
Saison;2082;1054;1015;516;4336;519;2839;90;104;700;15;35;2111
American IPA;1893;1068;1,017E+16;67;9117;1264;1703;60;1051;350;;125;200
Saison;2082;1033;1,007E+16;337;1739;335;265;60;1026;700;14;;
American Pale Ale;400;104;1008;418;7673;793;460;60;1035;550;26;;240
Sweet Stout;1893;1055;1016;509;3027;500;946;60;1109;350;;35;1833
Irish Red Ale;1893;1045;1014;41;2538;1067;1325;60;1064;700;125;;200
American Light Lager;690;1072;1018;707;0;102;850;60;1058;900;25;;
Saison;2082;107;1,007E+16;826;3161;568;265;90;1055;750;14;10;
American IPA;210;106;1015;592;6902;421;250;70;1051;730;;;200
American Pale Ale;600;1054;1012;549;3781;64;800;60;1041;700;;75;200
Saison;230;1051;1011;523;2404;834;285;70;1041;700;30;;240
American IPA;230;1063;1016;618;6893;665;325;60;;700;;;200
American IPA;180;1069;1018;672;0;647;270;90;1046;700;3,57143E+16;;
American Amber Ale;1893;1064;1018;604;8895;974;265;60;1045;650;15;35;1944
American Pale Ale;2082;105;1,009E+16;538;3676;663;2688;60;1,039E+16;650;14;;200
American IPA;2271;1,059E+16;1,009E+16;66;7144;696;2839;60;1047;700;15;75;200
American Pale Ale;190;1047;1008;513;5002;653;180;60;105;750;;35;180
American Light Lager;194;1,049E+16;1,007E+16;556;0;393;225;60;1042;730;30;;
American IPA;2082;1,076E+16;1018;765;6019;781;2839;90;1056;750;133;;200
Sweet Stout;1893;1063;1022;541;3048;400;757;60;1158;350;;;2278
American IPA;2082;1067;1016;669;5114;1273;2461;60;1057;750;15;75;1556
American Pale Ale;120;1052;101;55;3782;906;100;60;1062;350;;;
American IPA;4732;1075;1,017E+16;754;765;861;530;60;1067;840;15;10;1889
American Pale Ale;2082;105;1013;494;0;719;2839;60;;700;;;
Saison;757;1052;1011;541;3119;51;106;60;1037;700;;;2222
Sweet Stout;379;1,059E+16;1015;581;425;368;473;60;1047;700;15;;
American IPA;1893;1064;1016;625;2534;1088;265;60;1046;700;15;;200
American IPA;235;1064;1018;603;6354;676;160;60;1094;750;;;220
Blonde Ale;150;1051;101;542;2017;537;150;60;1051;250;;75;220
American Pale Ale;2082;1057;101;618;1702;481;2839;60;1042;500;15;5;200
American IPA;379;150083;262839;668;4984;677;681;60;85;700;15;;200
American IPA;3028;1068;1015;702;11601;555;3407;60;1061;670;125;;1944
American IPA;2082;1064;1016;622;0;702;2839;60;1047;750;15;5;200
American Amber Ale;190;1055;1015;539;4019;972;210;60;105;350;;;190
American IPA;250;1062;1014;626;6943;1081;288;90;1053;700;;;190
American IPA;1325;1071;1013;758;6761;561;1703;60;1055;700;15;75;1778
American IPA;1893;1075;102;73;8802;465;265;60;1054;700;15;;
American Light Lager;350;1051;1013;499;0;293;420;60;1042;800;30;;
American IPA;1893;1067;1,019E+16;634;6613;1196;1136;60;;700;;;
Irish Red Ale;550;1054;1013;533;2091;1296;625;70;1047;700;27;10;200
Saison;208;1054;1004;654;3041;555;265;60;1043;650;;;240
American Amber Ale;500;1058;1011;617;3734;821;700;60;1041;800;30;75;200
American IPA;200;1,066E+16;1016;654;7161;603;247;70;1053;740;25;;
American Pale Ale;2082;1056;101;608;4664;586;2461;60;1048;750;15;;2333
American IPA;2082;1056;1011;595;0;513;2839;60;1041;700;14;;200
American Pale Ale;210;1,059E+16;1013;613;9408;1152;260;60;1048;550;;75;200
Imperial IPA;1893;1085;1025;848;6218;1587;2271;90;1071;700;125;;200
American IPA;3028;1,066E+16;1023;563;9501;969;3218;60;1062;740;14;;200
American Amber Ale;2082;1047;1,009E+16;501;2982;1226;2839;90;;700;;;
Saison;440;1045;1008;483;1126;364;480;60;1041;800;25;;350
Blonde Ale;1987;1045;1011;446;3178;347;2839;60;1032;660;133;;
American Pale Ale;2082;1055;101;594;2433;649;265;60;1043;800;13;;2111
Blonde Ale;550;1046;1008;503;1911;377;800;90;1032;680;;;
Saison;946;1048;1008;515;3245;288;946;60;1048;350;;;
American IPA;1136;1061;1015;597;4847;724;1325;60;1052;600;15;;
American IPA;2271;1078;1022;736;781;582;3028;90;1058;750;15;35;2111
American IPA;123;1071;1022;651;5797;762;2177;60;104;750;125;35;1889
American IPA;4542;108;1,019E+16;803;22054;733;5489;90;1,066E+16;350;;10;
American Pale Ale;230;1055;1012;574;5103;907;280;60;1046;740;31;10;200
American Light Lager;260;105;1,007E+16;56;1086;266;300;90;1043;780;40;15;120
Saison;200;1048;1003;584;2386;277;285;90;1034;750;;;
American Pale Ale;2082;13052;35274;512;5096;406;2423;60;113;700;125;75;200
Sweet Stout;1893;1077;102;794;3752;400;2366;60;1061;760;15;75;-1778
American IPA;120;1061;1012;646;5976;702;154;60;1047;700;;;
Sweet Stout;2082;1075;1026;645;3365;3935;2461;60;1063;700;20;;
American IPA;120;15;1156;4516;0;500;140;60;15;700;;;200
American Pale Ale;200;1052;101;552;331;1041;240;60;1044;700;10;;180
American IPA;1893;1057;1016;556;5834;902;946;60;1114;350;;;
Imperial IPA;2082;1085;1,019E+16;857;11386;1528;2839;60;1062;700;15;125;1556
Sweet Stout;210;1054;1014;514;6322;400;250;60;;350;;;200
American IPA;1893;1072;1012;783;6622;1013;2461;60;1055;700;15;;1944
Blonde Ale;2555;107;1,017E+16;686;3232;671;3691;60;1048;700;15;;
American IPA;100;1062;1014;633;7229;628;110;60;1057;800;10;;
Blonde Ale;1893;1061;1016;592;3095;471;265;90;1044;700;15;;
American Light Lager;1136;1119;1006;1488;0;0;1136;0;1119;1000;19;;
American Light Lager;3785;1056;1014;548;2718;2944;4732;60;1045;700;15;;
Sweet Stout;40;1061;1,019E+16;542;2959;3799;90;90;1,027E+16;750;29;;180
American IPA;140;1,066E+16;1016;65;7509;554;1733;60;1053;700;;10;200
American IPA;2082;107;1,009E+16;80;9163;736;3218;60;1,039E+16;690;;;1833
American Pale Ale;1893;1071;1,017E+16;708;6474;1301;265;60;105;600;125;;
Imperial IPA;2271;1082;1,019E+16;829;7405;859;265;70;107;790;125;10;
American IPA;5678;1064;1014;654;5902;658;4542;60;108;350;;35;2111
American Pale Ale;2082;1067;1,017E+16;655;3871;556;1514;60;1091;350;;75;1833
American IPA;2082;1057;101;614;5583;697;265;60;1045;650;;35;1889
Imperial IPA;2082;1083;1,017E+16;871;8029;822;265;90;1055;700;15;75;200
American Amber Ale;220;1057;1014;569;3467;1438;260;60;1048;800;341;10;198
American Pale Ale;2271;1071;1016;717;6338;544;3028;60;1053;750;;10;1556
American IPA;2082;1,066E+16;1011;716;6308;844;1893;60;1072;700;;35;2056
American Pale Ale;240;1052;1011;552;4158;139;280;60;1045;850;35;75;200
American IPA;800;1,066E+16;1011;72;4956;77;900;60;1058;750;;;
Imperial IPA;2271;1082;102;806;10472;795;2934;60;1063;720;15;75;1667
Imperial IPA;1893;1,086E+16;1022;85;14864;885;1136;60;1121;250;;75;1944
Irish Red Ale;2082;1088;1024;844;1995;1302;2839;60;1065;700;15;10;
American IPA;400;1058;1015;575;6971;76;600;70;1,039E+16;750;30;;
Sweet Stout;4164;1065;1016;641;203;400;5678;90;1048;700;15;35;200
American Light Lager;200;1047;1012;467;3064;657;300;60;1032;350;;;
American IPA;350;1057;1011;595;3622;779;400;60;1,049E+16;700;30;;210
Saison;1893;104;1012;365;291;611;1136;60;1,066E+16;350;;;
American Pale Ale;2082;1056;1016;519;4096;628;2839;60;1041;700;12;75;1833
American IPA;2082;1061;1015;614;5389;745;265;60;1048;750;125;75;
American IPA;2271;1084;1028;734;7545;875;3028;60;1063;700;15;;200
American IPA;2082;1051;1014;486;7337;659;265;60;104;650;13;;200
American Light Lager;210;106;1011;639;2719;1239;285;60;1044;750;30;;
Saison;2082;1052;1011;539;2742;582;2934;90;1037;710;;;
American IPA;2271;1068;1016;685;6569;868;3267;60;1047;660;;;
American IPA;210;1069;1011;786;12005;74;285;60;1051;650;;;200
American IPA;240;145363;332309;605;6492;586;290;60;121;750;33;;220
American IPA;1893;1058;1011;619;1878;912;2271;60;1,049E+16;900;;35;1833
American IPA;1893;1,066E+16;1013;703;7983;1279;2461;60;1051;750;15;;2111
American IPA;215;1057;1012;594;6505;1208;260;60;1047;720;;;170
American IPA;200;1056;1014;555;3779;366;284;60;104;700;31;;
American IPA;530;106;102;525;690;762;600;60;1053;300;;35;200
American Pale Ale;215;1045;1008;475;3705;774;265;60;1036;680;;;200
American Light Lager;3407;1064;1012;684;5483;142;1893;60;1,116E+16;500;;;
Saison;180;1052;101;545;2517;936;240;60;1032;700;;;
American Light Lager;190;1064;1016;63;0;583;260;60;1047;700;25;;
American IPA;4164;1054;1015;514;13864;682;4542;60;105;700;13;;
American Light Lager;210;1011;1003;11;0;49;110;60;1021;700;;;
American IPA;2082;106;1013;62;6519;612;2461;60;1051;700;125;;
American IPA;5000;1068;1013;721;5023;3219;6000;75;1057;650;60;;180
Irish Red Ale;420;1047;1015;421;2697;1491;480;60;1042;750;30;;190
American Light Lager;240;1083;1,019E+16;844;7665;3889;320;75;1062;750;34;75;200
American IPA;1893;1072;1018;703;3299;62;2233;60;1061;790;15;;
American IPA;450;1054;101;581;5882;100;600;90;1041;560;40;;180
American Pale Ale;205;106;1016;582;5344;576;300;60;1041;700;25;;190
Saison;1136;1063;1012;679;1915;383;1325;90;1054;930;125;75;200
American IPA;400;1062;1013;643;6741;708;300;60;1083;700;20;;220
American Pale Ale;2082;1058;1013;597;3541;526;2839;60;1043;750;14;;
Imperial IPA;2271;1084;1021;822;681;832;2839;60;1067;700;;125;200
American Pale Ale;2271;1047;1012;458;4485;562;2839;60;1037;600;15;5;2222
American Pale Ale;1893;1,059E+16;1014;584;0;61;2428;60;;760;;;
American IPA;2082;1,066E+16;1016;645;5677;337;265;60;1052;850;15;10;1444
American IPA;200;1062;1011;66;7558;804;250;60;1,049E+16;650;;10;180
American Pale Ale;946;1047;1,009E+16;50;4056;307;1136;60;1,039E+16;770;;;1389
American Pale Ale;2082;1055;101;583;4595;944;2839;60;104;650;15;;
American IPA;946;1062;1013;647;5484;944;1325;60;1044;650;;5;1556
American IPA;2082;1069;1,017E+16;683;2745;3226;3028;60;1048;350;15;;
Sweet Stout;208;109;1,029E+16;796;606;3877;270;60;1069;650;;;
Saison;2461;1048;1,007E+16;547;2281;34;3028;90;1,039E+16;700;15;10;2111
American IPA;150;1038;1008;39;9512;953;285;60;102;350;30;;200
Saison;2082;119259;2,06389E+16;525;1686;389;2574;60;97;640;13;;
Irish Red Ale;210;1047;1011;475;3179;1472;110;60;109;350;;75;210
Saison;1893;1037;1,007E+16;402;2281;308;265;60;1,027E+16;670;;;2389
American IPA;2082;1,076E+16;1026;666;5293;644;1136;60;114;800;;5;200
Sweet Stout;1893;1079;1026;694;2727;3813;1136;60;1131;350;;;1667
Sweet Stout;170;1071;1,017E+16;713;3185;500;189;60;1064;800;29;75;180
American Pale Ale;750;1057;101;626;5241;763;850;60;105;700;30;10;210
American IPA;1798;106;1013;614;8824;733;2233;60;1048;550;15;10;2056
American Pale Ale;300;1,066E+16;1011;726;4617;1209;200;60;11;850;25;5;210
Robust Porter;85;1063;1014;642;4155;3469;40;60;1133;350;;35;170
American IPA;2082;1073;1016;745;0;876;2839;60;1053;700;15;;200
American IPA;1514;1046;1,009E+16;491;4652;451;606;90;1115;700;7;;
American IPA;2082;1081;102;801;13665;4548;1136;60;1149;700;;5;200
American Pale Ale;2271;1061;1012;673;3558;562;3312;90;1042;770;15;;2111
American IPA;150;1067;1011;733;6334;367;190;90;1053;930;404;75;200
Saison;757;1052;1,009E+16;566;3174;707;946;60;1042;700;;5;2389
American Pale Ale;2082;1051;1014;489;2935;70;2468;60;1043;700;125;35;
Imperial IPA;2271;1078;1014;836;32183;787;3028;90;1058;680;125;10;200
American Pale Ale;265;1069;1,017E+16;682;4205;598;3218;60;1057;730;15;;
Irish Red Ale;2082;1057;1,017E+16;524;1702;1763;265;60;1045;750;15;5;1944
American IPA;1400;1048;1011;489;6066;1152;1800;60;1037;650;30;35;220
American Amber Ale;1817;1054;1013;527;3822;1595;1136;60;1,086E+16;350;;;2111
American Pale Ale;200;1056;1016;534;4494;815;250;60;1045;600;;;200
American IPA;2082;1063;1015;626;6305;514;2839;60;1046;700;13;125;200
American IPA;11500;106;101;66;5983;391;12000;60;1058;770;30;75;210
American IPA;2082;1065;101;725;3477;512;946;60;1143;650;;75;1889
American IPA;3785;1055;1014;541;4352;697;4542;60;1046;750;15;;
Saison;2082;1,059E+16;1011;64;378;74;3407;90;1036;700;144;5;6556
American Pale Ale;200;1,059E+16;101;647;3858;463;250;60;1048;750;25;;
American IPA;2271;1065;1018;616;484;605;2839;60;1052;700;15;35;1944
American Pale Ale;220;1046;1,009E+16;481;4046;92;320;60;1031;700;30;5;200
American IPA;1893;1,098E+16;1025;952;13864;1529;265;45;107;700;;;1833
Robust Porter;2082;1064;1018;606;3871;3447;1136;60;1074;350;;35;2111
American Amber Ale;200;1047;1012;454;3921;1602;120;60;1028;600;;35;160
American IPA;2082;1062;1012;655;5397;1256;3028;60;1042;700;15;;
American IPA;100;106;1011;637;5469;804;120;120;105;700;30;;220
American IPA;2082;1,059E+16;1012;617;6299;594;2839;60;1043;750;15;;
American IPA;2082;1067;1018;637;6994;746;265;60;1052;600;;;
American IPA;2082;1067;1014;693;7193;659;2839;75;1,049E+16;750;;10;
Irish Red Ale;4353;1052;1012;516;3627;1272;4944;60;1045;850;15;;200
Blonde Ale;3785;1048;1012;471;5719;553;4542;60;104;700;15;75;200
American Amber Ale;1893;1075;1014;794;3296;1631;2461;60;1057;750;21;125;2389
American Light Lager;4164;1031;1,007E+16;313;0;4943;4921;60;1026;350;15;;
American IPA;2082;1063;1012;675;12264;993;2839;60;1047;700;15;;
Irish Red Ale;150;1054;1014;532;2655;1187;220;60;1037;410;30;;
American Pale Ale;420;1053;1,009E+16;583;3251;588;420;80;1053;850;;;180
American Pale Ale;1893;1053;1,009E+16;575;5115;776;1514;60;1067;700;;;1889
American Amber Ale;230;134281;231609;595;2927;1199;280;60;111;750;30;35;200
American Amber Ale;2461;106;1015;581;3678;1648;3028;60;1048;750;15;75;1833
Blonde Ale;379;1082;1024;764;2179;832;946;60;1033;660;;;200
American Amber Ale;1893;1,059E+16;1015;584;4527;1795;265;60;1042;700;;;2278
American Pale Ale;170;1044;1011;438;3332;859;235;60;1032;560;375;;
American IPA;2271;1065;1018;619;5355;912;3028;60;1,049E+16;750;;;
American IPA;190;981917;1,69774E+16;429;554;483;220;60;85;350;30;5;180
Blonde Ale;2082;1064;102;568;6508;715;2839;60;1047;700;15;5;
Blonde Ale;4164;1047;101;492;2232;551;5186;60;1038;750;15;;1556
American Pale Ale;473;1053;1013;521;4652;81;899;60;1028;600;15;;
Blonde Ale;2082;1045;1012;424;1765;885;2271;60;1041;700;;;2389
American IPA;210;1057;1011;603;6192;483;110;60;1,108E+16;350;;;
American IPA;210;107;1,019E+16;672;804;144;285;60;;800;;75;220
American IPA;8706;1063;1016;62;0;638;10599;60;1052;750;15;;
American IPA;2082;106;1012;625;7024;1234;265;60;1047;700;15;;
Imperial IPA;100;1078;1015;83;11174;606;165;90;1047;700;40;;200
Sweet Stout;500;108;1,017E+16;818;3256;4125;550;60;1072;700;30;75;200
American Pale Ale;2177;1053;1012;539;4799;322;2688;60;1043;790;;10;1556
American Pale Ale;210;1056;1011;608;3892;797;250;90;1047;700;;10;180
American Pale Ale;1893;1,059E+16;1014;59;2598;1004;2461;90;1045;790;;;
American Amber Ale;2082;107;1013;746;10214;872;265;60;1055;700;15;35;1833
American IPA;3785;1079;1,019E+16;797;941;1054;4542;60;1,066E+16;700;11;;
American Pale Ale;379;1057;1018;51;17936;492;568;60;1038;680;;;1833
Robust Porter;2082;1,059E+16;1014;583;2846;500;1136;60;1,108E+16;350;;75;1667
Blonde Ale;1041;1046;1011;464;2217;579;1136;60;1,019E+16;350;;;
Imperial IPA;2082;108;102;783;5895;623;2763;75;106;720;15;;1722
Sweet Stout;2082;1073;1014;773;2474;1199;2839;60;1054;680;;;
American Light Lager;199491;10;10;0;0;3;211226;60;10;800;15;10;1833
American IPA;250;104;1008;426;3603;807;300;60;1033;780;33;;
American Pale Ale;100;1,049E+16;1011;498;5147;837;120;60;1041;700;30;;
American Pale Ale;250;1053;1,009E+16;576;3237;741;280;90;1047;750;;;200
Imperial IPA;1893;1085;1016;904;0;1599;1893;60;;750;;;
American Pale Ale;1893;1058;1014;578;3618;713;2839;60;1038;700;125;;
American Pale Ale;3785;1071;1013;761;3013;512;511;75;1052;700;15;5;200
American Pale Ale;2271;1051;101;544;5817;607;3028;60;1038;680;13;10;2111
Saison;946;1062;1008;705;0;50;1211;60;;690;;;
American Pale Ale;600;1052;1011;535;3365;648;700;60;1044;700;5357;;230
American Pale Ale;170;1041;101;406;15701;348;110;60;1064;350;;;200
American Pale Ale;2271;1068;1016;688;6447;532;3028;60;1051;750;;10;1611
American IPA;2082;1067;1016;668;6801;1476;1136;60;;350;;;
Imperial IPA;1893;1101;1028;953;21435;1143;2461;75;1078;650;15;;200
American Light Lager;210;1047;1012;461;1307;500;285;60;1035;350;30;;
American Pale Ale;3785;1061;1015;612;4929;628;530;90;1044;700;15;75;200
American IPA;2271;1063;1013;656;8082;483;2271;60;1063;720;;75;1944
Blonde Ale;3600;1065;1015;664;11172;36;4100;75;1057;700;30;35;180
American IPA;1000;1,059E+16;1014;598;5775;591;1200;60;1,049E+16;350;;;
American IPA;2082;1058;1014;571;6417;1367;3028;60;104;700;;75;1833
Blonde Ale;2082;1048;1011;489;1785;314;1136;60;;350;;35;
American Light Lager;2271;1,039E+16;101;379;0;412;2839;60;1031;350;;;
American Pale Ale;2082;106;1014;603;3203;588;2839;90;1044;900;;;200
American IPA;4164;1,076E+16;1015;803;4756;754;530;60;106;800;20;75;1833
American IPA;150;1052;101;548;3966;1003;200;60;1,039E+16;730;30;;
Saison;220;1062;1012;654;3116;375;320;70;1043;700;30;10;180
American IPA;3028;1056;1013;566;7958;658;3785;60;1045;680;125;;200
Saison;2082;1,066E+16;102;604;2962;974;265;60;1052;710;15;5;2111
American Pale Ale;1893;1072;1014;77;12149;929;1514;60;1091;350;;125;2111
American Pale Ale;50;1,059E+16;1,017E+16;561;2447;924;60;60;1,049E+16;750;;5;190
Blonde Ale;43154;1,039E+16;101;386;1883;358;46939;60;1036;750;15;;
American IPA;200;1,059E+16;1014;62;18036;879;280;100;1042;540;30;35;180
American IPA;200;1062;1015;651;8313;757;270;85;1046;670;37;10;160
Imperial IPA;2461;1081;1016;852;14059;863;3028;90;1,066E+16;800;;10;1611
American Pale Ale;230;105;1013;481;3402;581;270;60;1042;350;;75;180
Sweet Stout;1893;1069;1018;661;2377;4163;2461;60;1048;600;13;5;
American Pale Ale;265;1045;101;453;4689;327;3407;90;1035;750;127;75;1889
American IPA;2082;1069;1016;696;5821;633;2839;60;1051;670;;;2111
Robust Porter;2082;1046;101;473;352;3443;946;60;1102;350;;;
American IPA;2082;1071;1018;696;8153;61;265;60;1056;750;125;;2111
American IPA;2082;1058;101;631;8095;631;2839;90;1043;700;125;;200
American IPA;290;1062;1015;618;6384;1057;320;60;1056;780;33;5;220
American Light Lager;120;1045;1,009E+16;482;6404;298;150;60;1036;350;;;180
American IPA;100;1062;1012;655;7026;388;40;60;1,154E+16;350;;;220
American Pale Ale;200;105;1008;539;8042;506;250;60;104;700;30;;200
Saison;300;1054;1015;52;238;452;300;60;1054;670;;;240
American IPA;2082;1065;1021;609;8428;687;2461;60;;750;;;
American Pale Ale;946;1051;1012;522;3338;608;159;60;1031;650;15;;1944
Robust Porter;210;1,059E+16;1013;608;3186;4033;110;60;1113;350;;35;680
American IPA;1893;1065;1015;654;7228;51;2461;60;105;810;15;35;2222
American IPA;1893;1,059E+16;1012;617;12206;531;2271;60;1,049E+16;350;;;1778
American IPA;946;1056;1011;597;6874;1412;757;60;107;350;;;
American Pale Ale;90;1052;1015;494;3496;745;145;90;;700;;;200
American Light Lager;1893;1055;101;591;3449;544;2461;60;1042;600;15;;2111
American Pale Ale;1893;106;1,019E+16;528;6218;1244;265;60;;720;;;
American Pale Ale;3785;1069;1,017E+16;675;8119;921;4164;60;;700;;;
Saison;4164;1051;1,009E+16;555;2108;35;511;60;1042;750;18;;1833
American Pale Ale;195;1052;1,009E+16;555;3429;99;230;60;1044;800;;;220
American IPA;946;1061;1018;554;4666;774;1703;60;1034;20;;75;200
American IPA;4164;1067;1,017E+16;659;0;459;4694;60;1,059E+16;700;15;125;
Imperial IPA;1893;1077;1015;823;13392;624;1041;60;1141;350;;;
American Pale Ale;1893;1047;1011;468;2822;697;6435;60;1014;400;125;75;2111
American IPA;1893;1053;101;561;5284;825;946;60;1,106E+16;350;;;
American Pale Ale;250;1056;101;61;3319;1031;290;60;1048;750;25;75;190
Irish Red Ale;60567;1055;1012;559;1831;1404;60945;60;1054;720;;10;1889
American IPA;1893;1,059E+16;1015;581;4781;81;2271;60;1,049E+16;700;125;;200
Saison;2082;1046;1011;451;2825;77;2839;60;1034;550;15;;
American IPA;2271;1036;1005;407;521;931;2839;60;1,029E+16;590;;;1556
American IPA;2082;106;1014;603;7812;1556;2082;60;106;350;;;
Robust Porter;1893;1058;1014;567;3936;2727;265;60;1041;680;;5;200
Saison;2271;106;1,017E+16;571;1705;642;3157;90;1043;700;;10;2056
Imperial IPA;2082;1088;1016;946;3406;823;1893;90;;700;;;
Imperial IPA;4164;1079;1018;806;11313;1146;4921;90;1067;750;;10;200
American IPA;240;1062;1012;655;4852;2547;285;60;1053;800;30;;220
Saison;2082;1067;1014;701;3585;555;265;60;1053;750;125;35;2944
Saison;757;1053;1,009E+16;568;3356;581;1514;60;1026;720;;35;1944
American IPA;2082;1,066E+16;1016;646;8126;1661;1136;60;112;350;;;
American Pale Ale;1893;1051;101;547;3918;632;2271;60;1043;350;;35;1833
American Amber Ale;1893;1044;101;442;1864;1551;1136;60;1073;350;;35;1833
American IPA;250;1,049E+16;101;505;503;1414;285;60;1043;640;40;75;200
American IPA;2082;1064;1018;593;10621;524;1136;60;1117;350;;35;2167
American IPA;45;106;1013;613;5659;722;60;60;1045;350;;;
American Amber Ale;210;1058;1016;551;4331;1817;285;60;1043;750;;;200
American Pale Ale;40;106;1015;586;3514;354;70;60;1034;820;;;180
American Pale Ale;210;1052;1,009E+16;569;3857;921;255;60;1043;750;;75;180
Blonde Ale;1893;105;1014;471;2078;409;2461;60;;700;;;
American IPA;2082;1063;1014;651;547;679;1136;60;1,116E+16;350;;;200
Sweet Stout;2082;1055;1016;517;1878;500;265;60;1043;750;105;75;1889
American Pale Ale;210;1052;1011;539;2692;697;270;60;104;700;25;35;200
Saison;400;124568;210692;552;2491;565;440;60;114;750;20;75;200
Imperial IPA;400;1071;1015;731;7758;804;438;60;106;700;31;;190
American Light Lager;210;1087;1022;861;0;2463;110;60;1167;350;;;
Saison;1893;1,059E+16;1012;622;2005;394;265;90;1042;750;;35;2111
American Pale Ale;2082;1057;1013;583;4379;627;2461;60;1045;800;18;10;200
American IPA;1609;107;1,017E+16;687;10829;448;2366;90;1047;750;;75;1667
American IPA;220;1065;1011;705;13305;491;285;90;105;700;31;75;190
Sweet Stout;2082;1065;1026;521;2392;4301;2839;60;1048;680;125;;2056
Sweet Stout;230;1069;1025;583;2994;3595;260;60;1061;700;30;;190
American IPA;1893;1075;1013;814;780;885;265;60;1054;640;13;35;2111
American Pale Ale;290;1058;1014;569;516;825;335;60;105;660;;10;200
Saison;200;1061;1012;646;3731;1269;254;60;1043;730;30;;210
American Light Lager;2082;1081;102;802;5657;3596;2461;60;1069;700;15;;
American IPA;2082;1072;1013;774;9916;623;2839;60;1053;650;15;10;1833
American Amber Ale;230;106;1,017E+16;562;10146;1156;290;60;1047;750;;;200
American Amber Ale;145;1051;1013;50;6186;153;225;60;1033;740;;;190
American IPA;1893;1078;1016;812;8679;989;265;60;1056;740;15;75;1833
Blonde Ale;1200;104;101;385;3336;356;450;60;1,106E+16;650;;35;200
American IPA;2082;1074;1016;759;10841;3814;2839;60;1055;700;133;;
American IPA;2082;1062;1012;658;9756;986;2953;60;1044;730;;;
American IPA;215;1055;1012;569;1291;421;260;60;1045;700;;;170
American IPA;1968;1061;1012;649;6203;1052;265;60;1045;720;15;35;2222
American Pale Ale;1893;1053;101;561;6956;1041;1136;60;1088;350;;;
American IPA;2082;1074;102;70;932;889;2839;60;1054;700;;125;200
American Pale Ale;2082;1054;1014;529;3142;591;2839;60;104;750;13;75;
American Pale Ale;320;126423;237761;549;317;754;420;60;97;680;30;;190
American IPA;1893;1058;1014;587;8248;753;2271;60;1,049E+16;350;;;
American IPA;2082;1069;1016;694;7209;746;3202;90;1045;700;125;75;200
Saison;2082;1067;1,019E+16;635;3584;386;2839;60;1,049E+16;700;15;75;1889
American IPA;1893;111;1025;1113;8121;1137;2839;60;1073;700;15;;
American IPA;1893;1,076E+16;1014;823;9002;659;2461;60;1,059E+16;700;15;75;1667
American IPA;1893;1,066E+16;1,017E+16;637;10665;964;946;60;1131;350;;;2333
American IPA;250;1062;1012;648;7935;847;330;60;1047;710;30;;
Blonde Ale;320;1052;101;548;280;579;450;60;1037;700;40;5;270
Saison;1893;1,049E+16;101;509;2647;663;2839;60;1032;630;;125;
American IPA;1893;1068;1,017E+16;663;0;772;1893;60;;750;;;
Blonde Ale;500;1044;1008;473;2906;599;600;90;1037;670;28;;180
Imperial IPA;1893;1113;1015;1282;12391;841;2839;90;1075;700;15;35;2056
American Pale Ale;50;1052;1013;508;379;733;100;60;1026;600;;;
American Amber Ale;4164;1064;1012;688;619;1092;4921;60;1054;700;133;;
American IPA;430;108;1015;849;7182;4811;450;60;1,076E+16;750;;10;200
Imperial IPA;2082;1071;1018;695;21553;589;265;90;1055;650;15;;
Imperial IPA;5489;194592;288567;909;21567;641;530;75;201;795;15;125;200
American IPA;4353;1077;1012;847;8125;623;5451;60;1061;740;;;1667
American Pale Ale;2082;1051;1008;57;5223;2528;2839;60;1037;350;;5;1833
American Light Lager;2271;1063;1011;675;8295;2344;2839;60;105;700;12;20;200
Saison;120;1054;1011;56;2171;497;170;60;1038;750;;;300
American Amber Ale;2271;1054;1013;532;4428;1012;3218;60;1038;700;15;35;200
Sweet Stout;1893;1055;102;456;5366;3142;1136;60;1091;350;;35;
American Light Lager;200;99904;255995;394;113;375;200;60;100;740;30;;
American Amber Ale;1893;1065;1015;648;2997;2093;2461;60;105;800;15;75;200
American IPA;2082;1064;1013;681;6737;3525;2839;60;1047;700;15;5;1833
Blonde Ale;4164;1,059E+16;1011;636;2665;517;5678;60;1044;750;125;;
Saison;250;1038;1,007E+16;411;2611;531;300;90;1032;350;40;;200
Sweet Stout;2082;1063;1,017E+16;60;266;3863;265;60;1,049E+16;730;125;;200
Saison;4164;1085;1024;806;4369;677;4732;60;1075;700;;;
American IPA;230;1043;1013;384;4596;45;330;60;103;700;;75;
American Amber Ale;4164;1055;1014;538;2143;1316;530;60;1043;800;14;10;1889
Blonde Ale;379;1052;1015;487;3694;428;473;60;1041;700;;;1778
American Amber Ale;10641;153642;3,99466E+16;617;3351;997;11201;75;146;790;29;;180
American IPA;2271;1,066E+16;1,017E+16;645;6099;53;2744;60;1052;750;13;10;1778
Irish Red Ale;210;1044;1008;463;2619;107;285;60;1032;700;;35;180
Saison;2082;1056;101;601;2918;451;2839;60;1041;700;12;10;2111
Imperial IPA;210;1046;1006;526;8765;691;280;90;1035;650;;;200
American IPA;550;1067;1,017E+16;657;824;96;650;90;1056;700;30;10;190
Saison;1893;1047;1,009E+16;504;267;386;1136;60;1079;350;;35;
American IPA;379;1058;101;638;8658;98;1136;60;1,019E+16;530;;35;200
Irish Red Ale;2082;1064;1018;611;1815;1595;2839;60;1047;680;;75;2056
American Pale Ale;220;1046;1011;465;4627;419;260;60;1,039E+16;750;642;75;160
American Pale Ale;240;1042;1,009E+16;42;0;516;285;90;1035;770;30;;200
Blonde Ale;500;1052;1013;511;3025;655;500;60;1052;700;30;;
American IPA;2082;1068;1016;678;8112;817;2839;60;105;750;;;
Saison;90;1045;1008;48;7737;304;120;60;1033;710;40;;210
American IPA;2461;1065;1016;637;5553;1038;2839;60;1056;720;13;35;200
American IPA;1987;1,066E+16;1011;719;6624;639;2972;60;1044;700;125;5;1889
American Light Lager;15000;1078;1013;852;6817;539;18000;60;1065;650;30;10;190
American IPA;2082;107;1,017E+16;695;6747;737;1514;60;1,096E+16;750;;10;1833
American IPA;2082;1071;1011;796;6065;554;3407;60;104;680;;;
American Pale Ale;2082;1054;1014;534;6887;656;2839;60;104;600;133;;1889
Imperial IPA;2271;1074;1011;83;25093;714;3218;90;1052;750;175;125;1667
American Pale Ale;200;1053;1013;532;4779;515;265;60;104;700;;10;160
American IPA;6435;105;1011;512;468;1116;7571;60;1042;700;15;;200
American IPA;200;1067;1013;703;7492;983;260;60;1051;650;;5;190
American Pale Ale;2082;104;101;397;0;37;2461;60;1034;700;125;;
American Amber Ale;189;1,049E+16;1,017E+16;42;3029;1878;303;60;103;700;;;220
American Pale Ale;2271;1,049E+16;1011;502;3921;504;2934;60;1038;700;;5;200
American IPA;2082;1065;1018;619;6976;82;2839;60;1048;820;15;;
American IPA;200;1055;1011;58;5197;1097;250;70;1044;730;;10;210
American IPA;2082;107;1018;677;704;607;2271;60;1064;750;;35;2111
Sweet Stout;5678;1079;102;777;0;3334;6435;60;107;750;14;;
American IPA;1893;1056;1011;593;7315;612;946;90;1112;350;;35;2111
Blonde Ale;1893;105;101;532;1208;239;2082;15;1045;350;;75;1833
Saison;2082;1052;1011;545;196;2102;2839;90;1038;600;15;5;2111
American IPA;379;1053;1,009E+16;581;6192;956;757;60;1,027E+16;350;;;200
Robust Porter;2082;1,076E+16;1021;718;321;3447;3218;60;1,049E+16;700;15;5;2111
American IPA;6719;1061;1014;617;3217;385;7571;60;1048;700;125;5;1833
American Pale Ale;210;1054;1015;512;2749;978;110;60;1103;350;;;
Imperial IPA;757;1083;1023;781;13797;817;123;60;1051;600;;10;200
American Light Lager;2082;1063;1016;621;5503;4987;2839;60;1046;700;15;;
Blonde Ale;2082;104;1,009E+16;411;1925;417;1136;60;1063;350;15;;
American IPA;40;1061;1015;604;5619;939;60;60;1041;350;;5;
American IPA;210;1068;1012;732;653;1001;285;60;105;750;;;
Blonde Ale;1300;1044;1011;429;1816;455;1500;60;1038;800;33;75;160
American IPA;2082;1056;1,009E+16;607;5949;928;2839;60;1041;750;15;20;1778
American IPA;210;1061;1016;596;5041;567;250;60;1051;680;35;;180
American IPA;250;1,066E+16;1016;664;6081;838;300;60;1055;700;30;75;180
Imperial IPA;2082;1,096E+16;1024;944;18288;4284;1136;60;1176;350;;;200
American Amber Ale;2082;1056;1011;588;3692;1061;1136;60;1102;350;;75;1944
American IPA;1893;1067;1014;689;7322;974;2839;60;1044;700;1625;35;1833
American Pale Ale;200;1053;1015;507;4081;51;285;60;1037;840;180;;210
Saison;400;1072;101;817;3617;563;490;70;1,059E+16;740;30;;200
Saison;2271;1053;1013;531;8743;637;2839;60;1036;750;15;35;2611
American IPA;1893;1048;1015;431;4782;639;2461;60;1037;700;125;5;200
American IPA;2082;1072;1,017E+16;719;13881;622;2839;60;1053;700;125;5;200
American Amber Ale;1987;1071;1018;704;6294;1452;2214;60;1064;730;125;75;1778
American IPA;250;1061;1015;601;6213;859;288;60;1053;780;;10;180
Sweet Stout;2461;1046;1011;464;3298;3477;265;60;1043;750;;;
American Light Lager;2082;1079;102;776;8987;528;3028;60;1054;700;15;;
Irish Red Ale;210;1056;1014;546;5489;1986;285;75;1041;700;30;;
American Pale Ale;3028;1054;1,009E+16;578;3702;767;3785;60;1043;720;;;1833
American IPA;450;1067;1013;703;5118;969;560;60;1054;800;40;10;200
American Light Lager;2082;1005;1001;46;0;428;2839;60;1003;350;;;
American Light Lager;2082;1061;1015;601;2805;697;1136;60;1112;350;;;
American IPA;4164;1064;1018;607;6157;858;530;60;1051;800;15;75;200
American Pale Ale;2461;1053;1,009E+16;572;4063;401;3028;60;1043;680;15;35;1889
American IPA;2082;1065;1015;648;10124;64;2839;60;1047;660;15;10;1944
American IPA;2158;1,066E+16;1012;711;12987;561;3123;60;1045;710;13;75;200
Imperial IPA;3218;1,086E+16;1,019E+16;884;10533;1464;4164;75;1067;670;15;;
Blonde Ale;2082;1051;1013;505;1456;577;1136;60;;500;;;
American IPA;1893;1044;1008;471;4949;955;2082;60;104;680;;;
Saison;1893;1084;1021;832;2881;75;2461;60;1065;700;125;10;2111
American IPA;2082;1067;1015;684;9436;934;2461;60;1057;660;;;
Saison;310;1,059E+16;1008;664;2641;577;370;60;1,049E+16;650;30;35;250
American IPA;350;106;1,017E+16;57;7627;1005;380;60;1056;630;;;180
Saison;2082;1,066E+16;1,017E+16;654;3236;838;265;90;1052;700;15;;
American Amber Ale;2082;1063;1,017E+16;605;4885;2337;2461;60;1054;426;;;2333
Imperial IPA;2271;1072;1016;776;26871;633;3028;90;1054;750;125;35;1944
Saison;500;1063;1013;652;2499;783;680;90;1046;750;30;10;210
American Pale Ale;150;1057;1013;586;2723;1112;150;60;1057;650;;;180
American IPA;2082;1063;1012;672;6715;693;2839;60;1046;700;7;;
American IPA;4700;1033;1006;354;4496;539;4900;60;1032;850;15;;
American IPA;2082;1103;1024;1046;7377;1527;2839;60;1,076E+16;750;;5;1889
American Pale Ale;7571;1056;1013;56;4366;609;8706;60;1,049E+16;800;15;75;1556
Saison;1893;1071;1012;767;3176;754;2271;60;1052;350;;;200
American IPA;330;1067;1013;708;8659;849;390;60;1057;750;31;10;
American Pale Ale;2082;1051;1,009E+16;543;2683;845;2839;60;1037;700;;35;200
American IPA;1514;1064;1016;625;13445;609;1136;60;1085;350;;;1778
Imperial IPA;210;1079;1014;856;14859;1036;250;60;1067;700;;;190
American Pale Ale;420;1057;101;612;4484;845;520;60;1046;690;10;;190
Blonde Ale;2082;1041;1011;383;2102;373;2461;60;;700;;;
American Pale Ale;200;1043;1008;449;4265;37;280;60;103;550;34;;200
American Pale Ale;2082;105;1,009E+16;533;5287;485;2839;60;1037;700;125;;1611
Saison;940;1048;1,009E+16;514;2755;474;940;60;1048;820;29;;220
American IPA;2082;1065;1018;627;4574;558;2461;60;1055;750;15;75;200
American Pale Ale;260;1055;1012;567;3562;1018;290;70;1,049E+16;800;27;;
American Pale Ale;43154;1056;1014;547;5561;1175;46939;60;1051;750;15;10;200
American Pale Ale;140;1041;1,007E+16;438;4791;55;210;60;1,027E+16;600;;;150
Saison;1893;1063;1012;672;3811;1176;1136;60;1105;350;;5;
American IPA;2082;107;1012;752;8684;1035;265;60;1055;710;148;10;1889
American Pale Ale;230;1051;1,009E+16;552;4894;352;280;60;1042;770;30;75;170
Imperial IPA;2082;1085;1024;802;12653;2638;2839;60;1063;750;15;125;1944
American IPA;210;1058;1012;597;6726;849;260;80;1046;650;20;125;170
Saison;200;104;1,007E+16;436;99;305;300;60;1,027E+16;750;30;;190
American IPA;2082;107;1012;762;9635;586;2839;60;1051;720;;;1833
Robust Porter;3975;1062;1016;599;4139;346;4921;60;1047;750;15;;200
American Pale Ale;250;1051;1,009E+16;552;3745;704;290;90;1044;750;30;35;200
Saison;379;1064;1013;673;2521;462;454;60;1053;700;125;5;
American Pale Ale;500;1055;1011;576;5041;532;610;60;1045;650;;;200
American IPA;1893;1051;1,009E+16;555;3398;784;265;60;1037;700;;35;2111
American IPA;200;1026;1006;26;2411;364;250;60;1021;750;30;75;210
Saison;2082;1065;1014;665;2877;808;2839;60;1048;700;15;;200
American IPA;2082;1061;1012;647;6159;657;2839;60;1045;750;15;10;1833
Saison;530;147035;321156;641;4714;592;530;60;147;690;;;2278
American IPA;2082;106;101;659;5535;1422;2082;60;106;650;13;;1833
American IPA;11356;1043;1008;452;2164;498;12113;90;104;850;125;75;200
American IPA;1893;1051;1014;483;6185;802;946;60;1102;350;;;200
American IPA;1893;1067;1013;706;6019;724;2177;30;1058;350;;75;1833
American IPA;265;1071;1,017E+16;718;10266;991;3407;60;1056;750;15;;
American Light Lager;2082;1053;1,009E+16;579;1812;1138;3407;60;1032;700;;;
Blonde Ale;100;1,049E+16;1,009E+16;516;1473;617;150;90;1032;750;3235;;
American Pale Ale;757;1054;1015;509;3812;872;1136;60;1036;600;;5;200
American IPA;500;1065;1012;685;6671;673;580;60;1056;700;;;180
American Amber Ale;210;1053;1013;526;5891;1569;285;60;1,039E+16;620;40;;200
Imperial IPA;280;1074;1024;651;1743;2105;380;90;1047;400;30;10;250
American IPA;250;1077;1016;799;3084;120;160;60;112;350;;;250
Blonde Ale;200;1043;1,007E+16;471;1776;51;200;60;1043;350;30;35;200
American IPA;2271;1042;1008;449;16561;403;2839;60;1034;600;;10;1556
American IPA;4921;1054;101;582;5556;363;43532;60;1061;800;13;;200
American IPA;2082;1055;1013;562;6162;642;2839;60;1041;780;12;;
American IPA;1893;1061;1015;602;7774;1177;1136;60;1102;350;;;
American Pale Ale;120;1051;1014;479;3647;619;165;60;1037;650;40;;190
Irish Red Ale;230;1052;1013;513;2238;1212;269;60;1044;750;27;75;180
American IPA;1893;1063;1011;672;8087;776;2271;60;1052;650;;5;1889
American IPA;2082;1071;1,017E+16;712;36483;61;2839;90;1052;750;15;;
American IPA;2271;1064;1011;688;4656;1089;2744;90;;730;;;
American IPA;2082;1063;1011;677;4218;1013;2839;60;1046;700;;75;1944
American IPA;215;1055;1012;567;3733;787;260;60;1046;700;;;
American IPA;1893;1057;1014;565;6859;403;2271;60;1048;700;;75;200
American Amber Ale;2082;1055;1013;56;2612;107;2555;60;1045;730;125;75;1889
American Light Lager;250;1044;1008;478;4618;293;280;60;104;700;30;;120
American IPA;1893;1058;1015;584;5243;407;2839;60;1038;650;125;35;2111
American Pale Ale;2082;105;1,009E+16;528;4337;398;2839;60;1036;700;;35;200
American IPA;300;1067;1016;708;7123;1211;390;60;1052;650;30;35;190
Imperial IPA;1931;1,096E+16;103;87;8274;1066;1514;60;1122;350;;125;200
American IPA;2082;1065;1015;688;6772;798;3028;90;1045;700;15;5;
Sweet Stout;2082;1052;1018;449;2393;3543;2271;60;1048;700;;35;1778
Imperial IPA;2082;1075;1014;80;1015;1192;3028;60;1052;700;20;;
American IPA;1136;1071;1014;758;5864;711;1325;60;1061;350;;;1778
Saison;1893;1,049E+16;1,009E+16;531;2288;346;2839;90;1033;750;15;75;1889
Saison;946;1054;101;577;3234;1903;946;90;1054;600;18;35;2167
American Pale Ale;500;106;101;659;4813;766;790;60;1038;750;30;;
American Amber Ale;170;1053;101;567;3205;1303;100;60;1091;350;;35;200
Sweet Stout;1893;1085;1,017E+16;966;4216;1438;2271;60;1071;350;;75;
American Pale Ale;2400;1037;1008;375;3134;384;2700;60;1033;750;25;;
American Amber Ale;1893;1068;1,017E+16;664;0;1481;1325;60;;750;;;
American Pale Ale;1893;1055;1014;538;343;663;2271;60;1046;700;125;;
American IPA;2082;1,076E+16;1012;836;11736;476;265;60;1,059E+16;750;15;;
American IPA;2271;1028;1005;308;6832;896;2839;60;1023;650;133;10;1889
Blonde Ale;1893;1052;1012;521;2042;455;2461;60;104;690;15;35;1222
Imperial IPA;1893;1068;1,017E+16;672;0;684;265;60;;750;;;
American IPA;2082;1067;1018;655;5517;675;2839;60;1,049E+16;700;15;15;2111
American IPA;1893;1056;1011;594;5342;69;2271;60;1047;780;;10;1333
American Pale Ale;379;1,059E+16;1015;583;3895;653;757;60;103;640;15;;
American IPA;4164;1068;1015;698;6622;548;511;60;1056;740;133;5;1944
Irish Red Ale;350;124122;3,20141E+16;493;2783;1218;385;60;113;800;35;35;200
American IPA;1514;1084;1021;828;6829;607;1893;60;1067;800;15;;
American IPA;2082;1062;1014;625;5473;385;2744;60;1047;800;;75;1889
Imperial IPA;2082;1085;1022;831;12024;1095;265;90;1067;800;15;125;200
American Pale Ale;230;1043;1,009E+16;45;4315;848;280;60;1035;600;30;;180
American IPA;1700;1054;1,009E+16;586;384;791;1100;60;1083;560;30;75;150
Imperial IPA;1893;1081;1,017E+16;843;11842;1278;265;60;1058;700;15;;2111
American IPA;2271;1,066E+16;1015;666;4958;1114;3028;60;105;700;15;;
American IPA;240;1045;1008;482;3677;369;270;60;104;650;;35;220
American Amber Ale;1136;1053;1012;541;5045;1605;606;60;1056;500;;35;1944
Robust Porter;1893;1,049E+16;1012;489;4524;3015;2082;60;;350;;;
American IPA;3028;155157;336484;658;9171;628;3785;60;125;700;;35;1833
American Light Lager;2082;1065;1018;613;1574;433;2839;60;1048;700;15;;
Saison;2271;107;1004;862;4312;382;265;60;106;800;133;10;2222
American Light Lager;3785;1052;1,007E+16;582;1276;232;1893;60;1103;0;;;200
American Pale Ale;200;1044;1008;466;11175;845;140;60;1063;350;;;
American Amber Ale;1893;1045;101;457;1843;1149;1136;60;1075;350;;35;
American Light Lager;350;1055;1013;553;6673;673;450;90;1043;750;348;;
American Light Lager;1893;1005;1001;47;0;85;2461;60;1004;740;15;;
American IPA;210;1072;1,017E+16;72;7348;81;284;60;1053;700;29;75;185
American IPA;2082;1063;1014;644;6243;1195;2839;60;1046;700;15;;1889
American Pale Ale;210;1044;1008;473;5994;715;260;60;1035;800;;75;185
Saison;2082;1052;1004;636;2537;288;265;75;1041;850;175;;2111
American IPA;210;1056;1011;593;5274;437;285;60;1041;650;30;;200
American IPA;1893;107;1026;583;635;479;265;60;105;750;;;
American Amber Ale;2461;1065;1014;677;2521;1675;3028;60;1053;750;;10;1889
Blonde Ale;2082;105;1008;55;2408;461;265;60;104;700;125;;200
American IPA;1893;106;1014;605;5827;565;1514;60;1075;350;;;200
American Pale Ale;180;1043;1008;454;8076;694;330;60;1023;450;;5;200
Irish Red Ale;2082;1,049E+16;1015;452;2043;1397;2839;60;1036;700;12;;
American IPA;1893;1074;1011;83;10244;486;2347;60;106;720;133;;200
American IPA;4164;1055;1011;579;4347;559;530;75;1043;700;;;1833
American IPA;1893;1064;1,019E+16;588;5886;882;2461;60;1,049E+16;670;14;;2167
American IPA;3407;1067;1013;70;6124;1289;4732;60;1048;730;14;;1778
American Pale Ale;5300;1041;1,007E+16;44;7516;293;5750;70;1038;900;15;;
American IPA;2271;1057;101;624;8852;468;2744;60;1047;700;29;;1778
Blonde Ale;1041;1041;1012;38;294;424;142;45;103;750;;;200
American IPA;2082;1055;1013;549;8421;941;2839;60;104;680;13;75;
American IPA;2082;1069;1016;696;6691;712;2461;60;1058;750;;75;1944
American IPA;220;1062;1013;645;7228;997;270;60;105;720;30;;
American IPA;2082;106;1018;555;6265;767;2461;60;1051;750;125;125;1944
Blonde Ale;2100;1053;1015;495;2261;829;2150;60;1052;810;;;
American Light Lager;210;1119;1022;1274;5376;766;250;60;11;750;;;
American IPA;3785;1,066E+16;1012;709;6369;1175;530;60;1047;700;;5;1556
American Light Lager;230;1053;101;565;10894;2813;285;60;1043;700;30;;200
Saison;1893;1064;1011;693;380;517;2461;90;1,049E+16;750;125;;
American IPA;2177;108;1022;77;11051;493;2461;60;1071;800;;35;2111
American Pale Ale;1136;1042;1011;396;3939;736;1514;60;1031;650;2285;35;1889
American Pale Ale;2271;1047;101;483;3554;867;265;60;104;700;15;;
American IPA;140;1044;101;454;7728;1048;190;60;1033;550;;75;180
American IPA;240;1067;1,019E+16;634;6302;1109;320;90;105;730;;;
American Pale Ale;1987;1058;1014;567;3928;875;2461;90;1047;720;;10;1944
American IPA;6057;1043;1,009E+16;448;6492;452;6435;60;1041;700;125;35;1944
Sweet Stout;400;1072;1,017E+16;72;1535;500;285;60;1101;700;25;;
Imperial IPA;195;1088;1021;883;7285;1027;230;60;1075;700;31;;200
American Light Lager;160;1055;1,009E+16;597;0;2212;200;60;1044;650;30;;
American Light Lager;2082;1078;1018;792;0;3347;2839;60;1057;750;15;;
American Pale Ale;2082;1057;1018;518;4415;816;2839;60;1042;750;15;5;200
Saison;1893;1,059E+16;101;647;3366;34;265;60;1042;750;15;125;2389
American Amber Ale;2082;1055;1013;561;528;104;2839;60;1041;730;125;;200
American Pale Ale;190;1052;1,009E+16;571;4007;1026;275;60;1036;650;;;220
Saison;120;119585;223286;518;2758;305;140;60;103;700;31;;
American Pale Ale;400;1051;1,009E+16;571;3647;587;300;60;1068;750;27;5;210
American Amber Ale;200;1055;101;591;3656;1278;260;60;1042;700;25;;220
American Pale Ale;1703;1054;1,009E+16;592;4932;783;2082;70;1044;700;;;
Irish Red Ale;2082;1053;1012;526;2664;1374;2839;60;1,039E+16;750;;;1833
American Light Lager;2271;1038;1,007E+16;408;748;276;1893;60;1045;350;;;1278
American Amber Ale;460;1,059E+16;1014;591;3148;1271;500;60;1055;850;47;;
American IPA;2271;1067;1,017E+16;657;6177;1267;3218;90;1047;720;15;;
American IPA;2082;146544;3,92483E+16;581;8594;679;2839;60;109;700;;35;200
Imperial IPA;4164;1,098E+16;102;102;5981;1973;4921;60;1083;750;15;125;200
American Amber Ale;4542;1043;1008;461;2404;1424;5485;60;1036;740;15;;
American Pale Ale;400;1,049E+16;1011;499;3636;507;450;60;1044;800;30;;
American Pale Ale;1514;1046;1012;441;3835;51;1893;60;1037;620;125;;1833
American Pale Ale;240;1052;1014;503;3326;526;290;90;1043;780;;;210
Sweet Stout;363778;1,116E+16;103;1121;2569;500;369835;60;1114;700;125;125;200
American Light Lager;140;1062;1015;608;0;405;170;60;1051;700;30;;
American Amber Ale;100;1052;1,009E+16;578;3994;1248;150;70;1035;710;;;200
American IPA;3785;1045;1013;424;6362;791;4542;60;1037;750;175;5;2056
American IPA;2082;1073;1018;719;5975;824;2839;60;1054;700;175;;
Irish Red Ale;400;1058;1011;607;297;1664;450;70;1051;600;31;;190
American IPA;3785;108;1,017E+16;827;428;905;2839;60;1107;900;15;10;2111
American IPA;4164;1,066E+16;1,019E+16;625;11735;894;4353;60;1063;700;95;;
Blonde Ale;230;1044;1008;465;1771;473;280;60;1036;700;;75;180
American IPA;1893;1071;1014;756;8524;654;1136;60;1,118E+16;500;;;
Imperial IPA;1893;1087;1022;855;20764;1033;2271;60;1072;350;;;2111
American Pale Ale;2082;1047;1008;508;2296;557;279;60;1035;680;;75;1889
American Pale Ale;200;1053;101;556;4739;1446;260;60;1041;700;15;;180
Sweet Stout;1893;1074;1023;671;2122;400;1136;60;1124;700;;35;200
Saison;230;1058;1016;547;373;314;280;60;1041;750;343;75;250
Robust Porter;230;1063;1013;666;3793;3994;322;60;1045;700;30;;180
American IPA;1968;1058;1015;57;0;103;2423;60;;580;;;
Irish Red Ale;230;1045;1012;431;2508;1203;290;60;1036;720;25;75;185
American Pale Ale;2082;1054;1014;529;3835;659;265;60;1043;720;125;35;1778
Sweet Stout;1893;1054;1,019E+16;455;3063;304;2839;90;1036;650;15;75;200
Blonde Ale;379;1071;1024;62;4966;331;379;60;1071;350;;75;2222
Robust Porter;350;1064;1016;633;4105;2522;420;90;1054;550;;;
American IPA;117348;141261;261347;619;5213;1004;117348;60;141;850;15;;
American IPA;1893;1074;1,019E+16;729;6671;712;2839;60;;750;;;
American Amber Ale;2177;1052;1012;53;3537;1581;2461;60;1046;750;145;35;200
American IPA;340;1065;1012;702;5595;833;400;70;1055;610;30;;
American Light Lager;4164;1074;1,019E+16;733;5593;3001;5678;90;1055;800;14;;
American Pale Ale;117348;124857;21699;551;4706;779;140817;60;105;850;15;;200
American Light Lager;2271;1056;1014;546;0;399;2839;60;1044;750;15;;
American IPA;1893;107;1021;65;12422;567;1136;60;;350;;;
American IPA;230;1046;1008;49;5812;43;300;60;1035;700;30;;
American IPA;220;1,066E+16;1011;719;476;668;285;60;1051;700;;;180
Irish Red Ale;757;1051;1012;512;254;1494;946;60;1041;700;;;
American IPA;2839;1082;1028;713;4603;467;3218;60;1073;790;;;200
American Pale Ale;210;1055;1016;502;2819;911;110;60;1104;350;;;
American IPA;3785;1071;1012;772;8837;87;4542;60;1,059E+16;650;15;35;2222
American IPA;200;121134;282991;496;6548;831;225;60;108;600;315;75;180
American IPA;2271;1064;1014;653;7685;754;2839;60;1051;700;11;35;
American Pale Ale;185;105;1011;514;4352;666;150;60;1062;620;;5;200
American Pale Ale;2082;1056;1,009E+16;607;3955;976;265;60;1044;700;10;10;200
Irish Red Ale;2082;1047;1014;434;2623;1374;2461;90;104;700;;;1889
American IPA;2082;1038;1006;422;965;431;2839;60;1028;350;15;;200
Irish Red Ale;220;1,049E+16;1011;497;2084;1705;270;60;104;650;;;190
American IPA;1893;106;1011;649;8441;803;2271;60;105;750;;;
American IPA;2082;1063;1012;666;5963;851;2839;90;1046;700;;;
American IPA;852;1063;1013;658;6142;957;123;60;1044;750;;75;200
American Pale Ale;2082;106;1011;639;439;1028;2744;60;1046;700;15;;200
Saison;379;1062;1006;728;2088;547;757;60;1031;650;;;-1778
Imperial IPA;2082;1087;1012;986;8714;687;2839;60;1064;700;132;75;200
American IPA;2082;1071;1,019E+16;684;476;556;2744;60;1054;700;125;10;200
American IPA;1893;1057;1015;553;6595;384;2839;60;1038;700;14;35;1944
American IPA;270;1063;1014;649;6858;1379;335;60;1051;700;25;35;190
American Pale Ale;1893;1026;1,009E+16;225;749;727;2271;60;1021;700;27;;
Saison;1325;1064;1013;668;3992;568;1136;60;1074;700;15;75;2111
American Pale Ale;210;1051;1012;51;4202;102;300;60;1036;650;;75;200
American IPA;2082;1065;1013;683;3851;666;265;60;1,049E+16;700;14;;
American Pale Ale;2082;1,049E+16;1014;466;6204;2143;2461;60;1042;780;13;75;200
American IPA;230;1055;101;589;4588;622;270;60;1047;750;35;75;170
American Pale Ale;260;1044;1,009E+16;468;4779;835;300;60;1038;700;;35;200
Robust Porter;1211;1082;1,019E+16;817;605;4284;1476;60;1067;688;13;35;2111
American IPA;265;1065;1014;667;6655;1414;3218;60;1053;700;15;5;2056
American Pale Ale;1893;1057;1014;565;3212;75;1325;60;1051;650;;;200
Robust Porter;2082;106;1015;594;0;3189;3028;60;;700;;;
American Pale Ale;750;1,059E+16;101;649;2731;549;800;70;1056;850;30;75;190
American IPA;1893;1061;1016;597;9369;38;1136;30;1102;350;;;2056
American IPA;200;1,059E+16;1012;614;4916;115;240;60;1,049E+16;700;;;170
Imperial IPA;2461;1083;1,019E+16;83;15434;762;2934;90;;700;;;
Robust Porter;160;1057;1011;601;3703;2619;180;60;1051;650;40;5;230
Saison;2271;1061;1016;596;2655;387;2839;90;;730;;75;
American IPA;2082;1069;1016;699;6824;499;265;60;1055;700;125;;1889
American Pale Ale;4542;1051;1011;529;5421;506;530;60;1044;800;;;
American Amber Ale;800;1053;1012;53;2977;1267;1000;90;1042;750;30;75;180
American IPA;2271;1072;1015;745;13598;604;2839;90;1057;700;133;125;200
American Light Lager;2082;102;1005;20;1907;24;2839;60;1015;700;;;
American IPA;4542;1056;1014;555;7659;38;4921;60;1052;700;15;35;200
Robust Porter;2271;1069;1016;693;6437;2987;3028;60;1051;750;;10;1556
American IPA;230;1075;1021;707;5876;616;310;60;1056;700;30;;200
Imperial IPA;2082;1089;1,019E+16;919;31004;67;2839;90;1065;700;125;;
American IPA;210;162444;3,22786E+16;707;5994;1017;285;70;121;760;30;75;210
Irish Red Ale;1893;105;1013;491;1806;1206;2271;75;1042;750;15;35;200
American Pale Ale;3785;1055;101;598;4192;848;530;60;104;700;22;;1833
American Light Lager;2082;1067;1,007E+16;777;4608;1817;2839;60;1,049E+16;350;;35;2333
American IPA;5867;1097;1,017E+16;1044;27873;92;6814;90;1083;650;15;;
Imperial IPA;2082;1084;102;841;29303;607;2839;60;;700;;;
American Pale Ale;200;1045;1,009E+16;474;3599;714;120;60;1075;700;;;200
Robust Porter;2177;105;1,009E+16;554;3279;3455;265;60;1041;750;;75;1833
Blonde Ale;700;1058;1011;606;2952;488;795;60;1051;780;275;;
American IPA;2082;1051;101;539;1456;763;946;60;1111;350;;;2111
Blonde Ale;1893;1041;101;405;1386;585;265;60;1,029E+16;700;;;
American IPA;2082;1064;1014;665;7035;659;2461;60;1054;720;20;;1778
Sweet Stout;2271;105;101;523;2439;2795;1893;60;106;660;;;200
American IPA;2082;1064;1015;648;682;932;265;60;105;700;15;10;200
American IPA;1893;1072;1,019E+16;697;5787;834;2498;60;1054;250;;35;2056
Imperial IPA;4164;1074;1021;695;6271;926;4542;75;1068;900;15;5;1778
Irish Red Ale;2082;1058;1014;574;1653;1559;2839;60;1042;700;;125;2111
Saison;1893;1054;1,009E+16;585;2072;617;1949;15;1052;350;;;2111
American Pale Ale;2082;1052;1013;503;4241;776;265;60;1041;700;15;;
American Light Lager;40;1041;101;40;4824;438;60;60;1,027E+16;500;;;
Saison;1893;1061;1012;643;529;503;946;60;103;350;;;
Saison;2082;1048;1,009E+16;505;2757;313;2082;60;1048;710;15;20;2667
American Amber Ale;6435;1048;1014;448;3115;106;8139;60;1038;700;15;;
Irish Red Ale;2082;1055;101;586;2229;1443;2839;60;104;700;;;
American Pale Ale;250;1048;1,009E+16;503;3689;31;300;90;104;750;30;;185
Saison;2082;107;1015;714;4129;418;265;60;;700;;10;1833
American IPA;2082;1068;1,017E+16;671;0;113;2839;90;105;720;15;;
American Pale Ale;250;1051;1012;504;4099;456;320;90;104;700;30;;
American Pale Ale;180;1045;1011;441;4196;652;190;60;1042;680;;;210
American IPA;240;105;1,009E+16;537;3155;584;280;60;1043;730;30;;180
American Pale Ale;200;1051;1,009E+16;552;3858;566;230;60;1044;700;;75;180
American Light Lager;1136;1091;1022;912;4272;2147;1703;60;1061;720;125;10;200
American IPA;220;1069;1014;72;940;571;265;90;1057;700;;;200
Imperial IPA;2082;1057;101;628;10115;865;1514;60;1079;150;;125;1944
American IPA;1893;1069;1,017E+16;677;5194;681;2555;60;1051;750;15;;
American IPA;1893;1072;1016;731;6713;872;2461;60;1055;700;;10;1778
American Pale Ale;1514;1056;1013;56;7032;56;1514;60;1056;350;;35;2278
Saison;1514;1055;101;596;2308;458;1893;60;1,009E+16;350;;10;
American Pale Ale;1987;1063;1015;636;8749;769;265;60;1048;700;86;5;200
American IPA;200;1052;101;558;4435;1056;110;60;1095;350;;35;180
Blonde Ale;245;1056;1016;529;3716;425;285;80;1048;740;;5;200
American IPA;180;106;1011;636;5309;692;95;60;1063;500;;35;220
American Amber Ale;4164;1053;1011;551;2029;1361;4921;60;1045;750;132;75;200
American Pale Ale;1136;1056;101;60;4919;38;1741;60;1037;700;125;5;200
American Pale Ale;2082;1062;1016;598;8851;558;2839;60;1045;700;15;35;200
American IPA;220;1,059E+16;1011;629;529;755;260;60;105;750;;75;200
American Pale Ale;1893;1062;1014;628;4982;471;265;60;1044;700;15;75;1833
American Light Lager;120;1044;1008;472;0;398;170;60;1031;700;30;;
Robust Porter;180;1,059E+16;1,017E+16;55;487;3722;200;60;1053;650;;75;180
Robust Porter;4164;1,066E+16;1,017E+16;654;4298;2857;4542;60;1061;750;125;;1944
Saison;500;1052;1012;522;2195;824;570;70;1046;730;;;180
American IPA;2082;1068;1,017E+16;669;2486;511;2839;60;105;600;10;;
American Amber Ale;280;1,039E+16;1,007E+16;413;4103;1768;350;60;1031;600;30;;
American IPA;2082;105;1,009E+16;539;1325;606;1703;60;1061;650;;;
American IPA;210;1061;1013;627;6016;592;250;60;1051;700;;75;180
American Pale Ale;1987;1051;1,009E+16;551;2333;575;265;60;1038;700;15;75;
Saison;210;105;1011;501;311;448;285;90;1037;700;30;;
American IPA;757;1074;1,019E+16;731;16257;1348;908;60;1062;680;15;;
American IPA;1703;1056;1013;565;5466;489;1136;60;1085;10;;35;200
American Light Lager;230;1,049E+16;1,009E+16;52;7739;1453;285;60;104;750;30;;180
American Light Lager;270;1,049E+16;1012;481;1735;466;120;60;111;350;;;
American Light Lager;500;1055;1012;573;3336;339;550;60;105;850;30;;120
American Light Lager;379;1082;1021;809;0;0;2839;60;1011;660;;;
American Light Lager;1514;1264;1,059E+16;2685;0;674;1514;60;1264;350;;;
American IPA;4542;1062;1015;609;11173;642;530;60;1053;800;;;
American IPA;4542;1046;1,009E+16;495;6884;757;511;60;1041;800;15;75;1944
American Light Lager;2082;105;1011;516;420;569;1136;60;1092;350;;;2389
American Light Lager;5678;1056;1014;552;0;377;4542;60;107;800;;;
American Light Lager;210;1052;1013;513;7303;633;280;60;1,039E+16;700;30;;
Irish Red Ale;2082;1043;1011;425;2784;832;265;60;1034;700;20;;
Saison;4921;1065;1013;683;2633;581;6057;90;1053;850;15;;
American IPA;1968;1056;1014;554;9219;1026;1514;60;1073;780;;35;1889
American Pale Ale;5000;105;1011;509;4678;677;5020;90;105;750;60;;200
Sweet Stout;1893;1,059E+16;1,017E+16;552;3359;500;2366;60;1047;350;15;;
American Amber Ale;1893;1,059E+16;1016;556;3904;848;1893;60;1,059E+16;350;;35;2111
Irish Red Ale;2082;116;1045;1515;0;846;1136;60;1294;350;;20;
American Pale Ale;500;1058;1012;593;4806;855;590;60;1,049E+16;750;28;;190
American Amber Ale;2082;1055;101;59;8101;1487;2839;60;104;700;15;5;1889
American Amber Ale;1893;1,059E+16;1014;587;5746;1468;265;60;1042;700;15;10;2056
American Pale Ale;2082;1065;1,017E+16;627;5444;709;2839;60;1047;630;15;;
Imperial IPA;3785;1069;1016;702;651;527;4164;60;1063;850;125;125;2111
American Light Lager;2082;1,076E+16;1018;752;4008;576;2839;90;1056;700;15;;
Imperial IPA;2461;1092;1,029E+16;835;5804;927;3028;90;107;750;;10;2111
American IPA;2082;1054;1013;53;6416;795;1136;45;1099;350;;75;1556
American Pale Ale;120;1067;1,017E+16;66;4552;982;160;60;105;700;25;;180
American Pale Ale;500;1055;101;58;3345;436;530;60;1051;700;;;180
American Pale Ale;2082;105;1012;49;3842;1026;2839;60;1037;750;125;75;
American Pale Ale;2082;1055;1013;548;7127;691;1136;60;11;350;;;
Sweet Stout;2082;1092;1,019E+16;955;2712;400;265;60;;750;;;
Blonde Ale;200;1046;1,009E+16;484;3039;623;240;60;1038;700;;35;190
Saison;2082;1054;1,007E+16;621;2895;349;2271;70;105;800;13;125;2111
American Amber Ale;1893;1051;1014;484;2365;121;2461;60;;700;;;
American Pale Ale;1893;1044;1008;475;4109;784;265;60;1031;600;15;;2111
American Amber Ale;2082;1057;1011;609;4252;1605;2839;60;1042;650;;;1889
American Amber Ale;250;1052;101;547;3838;1581;315;60;1041;650;28;75;200
American IPA;2082;1055;1011;57;8741;819;1136;60;11;350;;35;1833
American Pale Ale;240;105;1,009E+16;539;2974;48;320;60;1038;720;30;75;180
Robust Porter;290;1061;1014;617;2971;400;350;75;1051;750;25;5;200
Blonde Ale;106;1043;1,009E+16;44;2504;516;1325;60;1034;700;;;200
American Pale Ale;3975;1,066E+16;1012;707;4633;851;4353;60;1061;700;115;75;200
Imperial IPA;4164;1077;1022;729;23615;1003;4921;90;1058;680;;75;200
American Pale Ale;4750;1,049E+16;1,009E+16;518;3213;329;4900;60;1047;750;15;;
American IPA;2082;1064;1016;634;5319;654;2839;60;1047;700;;;
Irish Red Ale;1798;1054;1011;572;2827;1767;1893;60;1052;600;;;2111
Robust Porter;2082;1056;1,019E+16;492;3645;3238;3218;75;1036;700;;35;
American Light Lager;200;1053;101;569;4156;421;230;60;1047;700;30;;220
American IPA;5678;1077;1015;811;15285;797;4542;60;;800;;;
Robust Porter;2082;1,059E+16;1,017E+16;562;5853;400;2461;60;;350;;35;2111
American IPA;5678;1082;1028;704;10931;645;4732;60;1,098E+16;680;125;;
American IPA;2082;1069;1015;706;1338;523;2839;75;1051;750;133;10;200
American IPA;100;1057;1013;579;7054;585;156;60;1037;700;;;
Robust Porter;2082;1058;1013;59;2937;2853;2839;60;1042;700;15;;
American IPA;2271;1052;1016;461;8903;581;3028;60;1,039E+16;780;;35;1556
American IPA;2082;1065;1,017E+16;666;602;596;2725;60;105;700;15;35;1833
Saison;88957;1054;1003;664;2357;489;109777;60;1042;550;15;;2444
American IPA;2082;1,066E+16;1015;668;7306;1385;2839;60;1048;700;133;75;1833
American Pale Ale;1703;1033;1011;283;6027;434;2082;60;1,027E+16;730;;75;1833
American Pale Ale;210;107;1,017E+16;70;5534;597;285;90;1052;800;30;;220
American Pale Ale;1893;1074;1025;65;8147;657;2271;60;1062;750;122;35;200
American Light Lager;2082;1043;1013;392;3555;146;1136;60;1079;350;;;1889
American Amber Ale;1893;1071;1018;693;4101;1504;2839;60;1047;600;15;;
American Amber Ale;123;1042;1,009E+16;443;3713;1311;2271;90;1023;800;15;;1778
American Pale Ale;320;1073;1,019E+16;711;9315;895;350;60;1067;650;20;75;180
American IPA;2082;1074;1023;667;11228;591;2461;60;1053;750;15;;
Imperial IPA;2271;109;1,019E+16;932;10502;1266;3634;90;1053;740;1225;10;1872
Saison;123;1048;1003;59;2079;2805;1514;90;1,039E+16;800;131;;
American Amber Ale;2082;1043;1011;413;4674;1082;265;60;1034;600;125;35;2222
American IPA;265;1,066E+16;1012;716;13082;486;3407;90;1052;800;15;10;1889
Blonde Ale;2082;104;1,007E+16;427;1595;816;2839;60;1,029E+16;700;;35;1833
American Pale Ale;180;1056;1,009E+16;61;641;726;230;60;1044;700;;;
American Amber Ale;2082;1064;1021;565;6299;2025;2839;60;1047;700;15;;
American IPA;500;1051;1012;52;2617;625;550;60;1047;750;;;
Blonde Ale;2082;1055;1012;567;5776;623;1136;60;1101;350;;;
American IPA;1893;1,066E+16;1015;666;8213;1083;2082;70;106;450;;75;2111
American Light Lager;2082;1044;101;443;2053;1431;2839;60;1032;700;15;35;200
American IPA;600;1055;1012;566;5581;1111;285;60;1117;700;30;;205
Blonde Ale;280;1,049E+16;1012;485;3339;345;250;75;1045;700;;10;190
American IPA;2082;1063;1014;649;7014;399;2725;60;1048;350;;;1889
Blonde Ale;200;104;1011;391;4988;678;300;90;1,027E+16;620;30;10;200
American IPA;230;1067;1012;726;7304;797;300;90;1052;700;30;;180
Saison;1987;1044;1008;473;2606;37;265;60;1033;780;125;;
American Light Lager;250;1056;1014;549;4462;734;300;60;1046;650;31;;
American Light Lager;130;1075;1,017E+16;755;5307;416;100;60;1097;800;;;180
American IPA;1893;1069;1014;715;9634;625;1136;60;1042;350;;35;2222
Saison;1893;1048;1006;546;3357;503;2271;90;104;700;125;75;2111
Saison;946;1073;1,019E+16;71;3287;787;757;60;1091;350;;;
American IPA;2082;1053;1013;523;4193;614;2839;60;1,039E+16;350;;;
American IPA;2271;1042;1,007E+16;457;6027;361;3028;60;1026;700;15;75;200
American IPA;230;1,066E+16;1018;636;7351;516;100;60;1072;700;;;
American IPA;1893;1055;1013;548;4843;443;2271;20;1046;700;;;1778
American IPA;200;1068;1013;721;20662;574;285;60;1048;680;30;5;190
American IPA;2082;1058;1011;619;6415;622;2839;60;1043;750;;75;
American IPA;473;1061;1014;607;7068;601;757;60;1038;700;15;;
Blonde Ale;220;1042;1008;451;3196;492;280;60;1033;750;;;200
American IPA;200;1011;1003;107;1394;323;300;60;1,007E+16;750;30;;150
American IPA;150;1077;1024;706;4167;587;75;30;1155;600;;5;200
American IPA;1325;106;1015;592;6265;482;1514;60;1053;700;;35;200
American Amber Ale;2082;1055;1014;544;3772;1469;2461;60;1047;840;15;75;1667
American Pale Ale;1893;1051;1015;469;2354;554;2839;60;1034;700;125;;200
Blonde Ale;2271;1058;1006;68;2659;429;3785;60;1035;650;;35;2056
American Amber Ale;4500;105;1012;499;6661;1588;5400;60;1042;760;30;35;210
American IPA;2082;1074;1,019E+16;719;7303;1306;2082;90;1074;400;;;2111
Saison;2082;1063;101;70;2516;647;2839;60;1046;750;;;2111
American IPA;50;1052;1013;512;3144;522;82;60;1032;650;;;
American Pale Ale;123;1,049E+16;1006;56;418;463;1514;60;104;770;;10;200
Irish Red Ale;240;1,049E+16;1014;467;4211;2681;120;60;1099;350;;;200
American IPA;2082;1,066E+16;1,017E+16;645;4698;618;2839;60;1048;750;125;35;200
American IPA;2082;1057;1014;572;409;1033;2839;60;1042;650;15;;1972
Robust Porter;2082;1041;101;403;2195;3185;265;60;1032;700;;;
Blonde Ale;2082;1048;1,009E+16;514;1989;557;2461;60;1041;700;12;75;200
American Pale Ale;230;105;1,009E+16;531;446;907;300;60;1038;750;30;;170
American IPA;250;1065;1015;658;798;611;285;60;1057;800;;;230
American IPA;2600;105;1012;498;5076;883;2800;90;1046;700;25;125;200
American Pale Ale;1893;1057;1016;531;5661;595;1136;60;1095;350;;;
American Pale Ale;550;1047;1012;458;3907;561;300;60;1085;700;27;75;200
American Light Lager;208;1063;1012;672;7464;841;2502;60;1053;700;31;;
American IPA;2271;1064;1025;51;750;733;2839;60;1051;750;15;35;2167
Saison;200;1042;1008;454;3018;35;240;90;1035;650;;75;210
Imperial IPA;2271;1102;1023;1034;13621;634;3028;90;1,076E+16;800;20;75;1667
American Light Lager;210;1067;1,017E+16;657;0;384;110;60;1127;350;;;
American Pale Ale;220;1,066E+16;1011;726;4247;1236;200;60;1073;750;;;
American IPA;3785;1,076E+16;1022;71;6474;589;530;60;1054;750;15;;1889
American IPA;7949;1069;1016;694;6279;3568;8494;60;1065;750;20;;
American IPA;2082;1061;102;544;5927;91;2839;60;1045;620;15;;200
American IPA;2082;1,066E+16;1012;704;8396;592;2839;60;1048;700;125;10;1889
American IPA;230;1073;1014;77;1075;3774;280;75;106;750;27;;200
American Light Lager;341;114;1035;1378;0;548;303;60;1158;350;;5;
American IPA;210;1051;1,009E+16;56;4831;1173;250;60;1043;640;23;;180
American Pale Ale;450;1,049E+16;1013;475;4131;857;480;70;1046;600;375;10;170
American Light Lager;100;1041;101;407;0;304;120;10;1034;700;25;;
American IPA;2271;1064;1011;689;8636;724;3218;60;1045;630;15;;
American Light Lager;4542;109;1022;883;0;614;530;60;1077;700;15;;
American IPA;4164;106;1011;647;5886;1169;4732;60;1053;770;;;
Saison;3785;1065;1014;679;3389;433;4542;60;1054;780;15;35;2222
American Amber Ale;135;1056;1014;543;7142;1514;150;60;105;740;20;35;200
Imperial IPA;200;1063;1015;638;7085;1297;285;60;1044;350;30;35;200
American Light Lager;1987;1057;1014;562;6641;612;2536;60;1045;650;15;;
American Light Lager;2082;1061;1015;615;8437;1054;2839;60;1045;600;15;125;1722
American IPA;155;1056;1014;565;5411;45;170;30;1051;770;30;;190
Sweet Stout;200;1,059E+16;1023;473;2426;400;200;60;1,059E+16;350;;75;180
American Light Lager;1136;1063;1016;621;8656;425;2461;60;1,029E+16;800;;;
Irish Red Ale;2082;1041;1011;389;2056;1791;2366;30;1036;630;;35;200
Saison;250;1054;1016;495;3331;631;280;90;1048;750;30;10;200
American IPA;45;1056;101;608;6379;862;70;60;1036;600;25;;
American IPA;2082;1065;1015;649;14197;674;2839;60;1047;750;15;;
Irish Red Ale;1893;1054;101;576;0;1829;265;30;;750;;;
Saison;1893;1083;1016;873;2383;1572;2839;90;1055;700;125;;200
Robust Porter;240;1061;1,017E+16;573;3158;3359;285;60;1051;700;;;190
American IPA;2271;1078;1025;705;6066;706;265;60;1061;700;;5;2111
American IPA;200;1068;1016;681;6978;668;230;60;1,059E+16;670;;5;200
Blonde Ale;2461;1052;1015;494;2561;446;3218;60;104;750;;35;1833
American Pale Ale;230;1064;1015;635;305;594;285;60;1051;750;30;;
Robust Porter;210;1063;1014;642;456;3477;280;60;1047;700;30;;
American IPA;2082;1052;1014;491;9152;956;265;60;1041;700;16;35;2111
American Pale Ale;1893;1054;1013;529;3469;1228;265;60;1038;350;;35;2222
Irish Red Ale;379;106;102;523;1875;1874;492;60;1046;500;;5;2111
American IPA;200;1,066E+16;1,017E+16;653;540;1082;260;60;1051;750;26;;
American Light Lager;946;1053;1,009E+16;58;2482;1305;142;60;1035;700;15;;
American Amber Ale;2082;1047;1015;426;3414;421;2839;60;1035;840;;35;200
American IPA;100;1064;1016;631;6129;45;110;60;1058;700;30;;200
American Pale Ale;230;1043;1,007E+16;463;3404;533;300;60;1033;650;43;;180
American IPA;200;164167;377304;688;6927;93;230;60;144;600;30;;
American IPA;290;1061;1013;64;7471;962;340;60;1052;780;30;;650
American Light Lager;164665;1052;1013;51;1007;388;164665;90;1052;850;15;;
American Amber Ale;1893;1053;1015;50;6413;1369;2461;60;;700;;;
American Light Lager;250;103;1008;296;0;317;285;60;1026;500;30;;
American IPA;800;1041;1008;433;5079;689;850;60;1038;700;30;;
American IPA;1893;1062;1016;612;0;744;1893;60;;750;;;
Imperial IPA;2158;107;1008;806;8153;1044;265;60;1057;800;;;2222
American Pale Ale;50;1048;1,009E+16;506;0;443;135;60;1018;750;;;180
American Amber Ale;220;1054;1014;535;2518;1722;260;60;1046;680;30;;
American Light Lager;270;1046;1,007E+16;506;2378;655;110;60;1112;350;;;160
American IPA;2233;1074;102;704;15197;1271;2574;75;1047;750;;75;2222
American IPA;3785;1063;1011;687;7451;54;4921;60;1,049E+16;720;15;;1667
American IPA;2082;1062;1011;66;8596;629;2555;60;105;800;15;125;
American Pale Ale;200;1046;1008;497;3062;612;260;60;1035;740;25;;170
American Amber Ale;1893;1065;102;586;6593;1288;2082;60;1,059E+16;350;;5;200
American IPA;1893;1062;1018;569;6634;803;2839;60;1041;700;;35;200
American Pale Ale;250;1053;1011;549;4815;916;350;90;1038;650;20;;
Blonde Ale;1893;1048;1008;528;2308;449;2271;60;104;600;;5;200
American Pale Ale;130;1051;1012;519;4324;926;210;70;1032;700;25;10;230
Robust Porter;2839;1064;1015;648;5335;3221;3785;60;1048;700;125;35;1833
American Pale Ale;550;1052;1,009E+16;568;4119;966;600;90;1048;700;40;;200
American IPA;240;1064;1012;675;7098;402;240;60;1064;350;;;220
American IPA;2082;1072;1,017E+16;721;8411;774;2461;60;1061;700;11;;200
Robust Porter;380;1062;1012;662;4755;400;490;70;1048;670;;35;200
American Pale Ale;2082;1055;1011;577;5736;732;2461;40;1047;700;15;;2222
American IPA;300;1048;1,009E+16;508;3649;852;500;60;1,029E+16;700;30;;220
American IPA;2082;1053;1011;549;9211;733;2839;60;1,039E+16;600;15;;200
American Pale Ale;1893;106;1,017E+16;564;4711;116;2461;90;1046;750;15;35;2222
Saison;1893;1064;1014;657;3494;92;2839;60;1043;750;125;35;200
American IPA;2271;1071;1,017E+16;709;7677;748;3028;60;1053;650;;;1944
American Pale Ale;2082;1,059E+16;1014;591;424;65;2839;90;1043;700;15;75;200
American IPA;757;1069;1016;689;6828;898;1514;60;1034;750;20;35;200
American Pale Ale;210;1,059E+16;1012;618;5058;424;285;60;1043;700;30;;190
American Pale Ale;2082;1054;1,017E+16;486;6092;924;2461;60;1045;700;;;
Robust Porter;1893;106;1016;578;8647;3602;2461;60;1046;700;15;;1778
American IPA;2271;1057;101;621;6188;662;2839;60;1045;880;;10;1944
American Pale Ale;2082;1042;1011;413;0;272;1514;60;1058;1000;;;
American Amber Ale;220;1065;1016;674;2992;1672;260;60;1055;760;;75;210
American Amber Ale;2082;1053;1013;521;378;1183;2839;60;1,039E+16;800;;35;2222
American IPA;1893;1048;1012;471;5855;391;1514;60;106;720;15;75;200
American Pale Ale;240;1,039E+16;101;38;6025;712;285;60;1033;600;25;5;175
American Pale Ale;946;1079;102;776;0;965;1893;60;;750;;;
American Pale Ale;150;123751;218643;544;6362;957;190;60;99;750;;75;190
American Pale Ale;2082;1051;1,009E+16;555;3672;725;2839;60;1038;700;125;125;200
Sweet Stout;210;108;1028;687;3644;3437;285;60;1,059E+16;850;30;;
American Amber Ale;2082;1068;1012;737;6388;2063;265;60;1054;650;15;5;2389
American Pale Ale;1703;1052;101;553;3285;571;2271;60;1,039E+16;720;17;75;1944
American Light Lager;500;1051;1012;508;3474;312;580;60;1044;750;31;;
American IPA;2082;1069;1014;72;10421;878;2839;60;105;600;15;125;1944
American IPA;424;1112;1023;1166;13795;841;530;60;1089;702;;35;2111
American IPA;2082;1074;1,017E+16;753;4316;977;2839;60;1054;780;125;;
American Pale Ale;500;1048;1013;452;5266;893;500;60;1048;680;;;
Blonde Ale;1893;1,059E+16;1012;614;7452;642;2271;60;1,049E+16;350;;;200
Blonde Ale;140;105;1014;473;40;368;50;30;114;350;;35;180
American Pale Ale;1987;1058;1011;612;3684;829;265;60;1043;700;158;;1778
Saison;1893;1048;1008;521;4308;54;2839;60;1032;350;15;35;2389
Blonde Ale;43154;1,049E+16;1012;488;1438;403;46939;60;1045;750;15;;
Irish Red Ale;280;1047;1012;466;2062;1657;320;60;1041;700;50;35;180
American IPA;1893;1075;1,019E+16;737;7775;646;2271;60;1062;350;;;1778
Irish Red Ale;2082;1067;1018;645;306;1375;2839;60;1,049E+16;700;6;;
American Light Lager;100;1048;1008;518;0;1212;110;60;1044;700;30;;190
American Pale Ale;3028;1054;1011;559;4637;724;3596;60;1046;750;15;75;200
American IPA;600;1,066E+16;1,017E+16;634;8086;841;700;60;1056;700;30;;200
Robust Porter;2271;106;1016;577;3163;3476;3028;75;1042;730;;;
Blonde Ale;2082;1054;1,009E+16;585;2577;43;2839;60;1,039E+16;770;15;;
American IPA;1893;1064;1016;631;6457;824;2461;60;1,049E+16;790;;;
American IPA;2082;1065;1015;654;4279;541;2839;70;1047;800;133;10;1667
American Light Lager;95;1041;101;409;3531;1751;130;60;103;500;;;200
American Pale Ale;200;1043;1,007E+16;47;2919;501;265;60;1033;700;;5;180
American IPA;2082;1051;1013;499;8646;92;2839;60;1038;700;20;5;200
Saison;2082;1062;1013;64;3926;789;2839;90;;750;;;
Robust Porter;2082;1061;1,017E+16;573;3526;3693;265;75;1048;750;;125;1944
American IPA;379;1067;1,017E+16;655;6647;1054;284;60;1089;350;;;1833
American IPA;2271;1071;1014;759;9466;694;3312;60;1,049E+16;660;;10;200
American Pale Ale;230;105;1011;507;2588;611;180;60;1063;350;;;
American Amber Ale;4542;1058;1016;565;3981;1338;511;60;1051;800;15;75;200
Saison;208;1062;1014;622;4163;396;284;90;1045;750;60;5;
American IPA;1185;1063;1015;632;3303;894;142;60;1052;890;;75;200
American Pale Ale;250;1045;1008;475;3357;706;300;60;1037;700;;;
American Amber Ale;230;1055;1014;539;3095;2718;280;60;1045;700;;75;190
American IPA;2271;1,059E+16;1014;60;5521;1526;2839;60;1047;700;15;;200
American Pale Ale;100;1056;1,009E+16;61;4338;1274;100;60;1056;540;;;150
Blonde Ale;4164;1048;1012;468;551;464;511;60;1,039E+16;750;14;;
American IPA;200;105;1011;512;8351;424;250;60;104;610;277;35;200
Robust Porter;2082;1056;1016;526;4084;2658;265;60;;700;;;
American IPA;2271;1,059E+16;1011;622;5767;634;307;60;1043;700;30;5;1833
American IPA;210;1075;1,019E+16;727;6454;805;285;60;1055;780;31;35;180
American Pale Ale;300;1051;1012;522;3479;764;400;60;1,039E+16;700;30;35;190
American IPA;2082;1089;1,017E+16;946;10801;684;3028;60;1061;700;;;
American IPA;2082;1057;1015;541;7869;37;265;60;1044;700;15;;1833
American Light Lager;380;1041;101;40;160;199;400;60;1,039E+16;850;30;;270
Saison;1893;104;1008;42;2525;416;1136;60;1067;350;;35;2222
American Pale Ale;1893;1067;1,017E+16;66;0;1169;1893;60;;750;;;
American IPA;210;1097;102;1007;6093;1614;100;60;1203;350;;;200
American IPA;1893;105;1014;472;0;105;1893;60;;750;;;
American IPA;1893;1073;1,017E+16;741;2078;1372;2839;60;1,049E+16;350;15;;2222
Blonde Ale;180;1063;1011;676;2541;682;230;60;1,049E+16;700;35;35;180
American IPA;4164;1064;1011;703;6814;1017;4732;60;1057;700;15;;
American Pale Ale;1893;1045;1011;444;3997;69;2461;60;;750;;;
Saison;240;105;1,007E+16;568;4215;309;260;60;1047;730;;;190
American Amber Ale;1893;1057;1015;543;3894;1522;2461;60;1044;700;15;35;1667
Saison;100;1,039E+16;1,007E+16;426;2194;543;120;60;1033;750;;75;240
American IPA;1893;1081;1023;769;0;2362;1136;60;1136;350;;;
American Pale Ale;210;1057;1013;572;3725;743;285;60;;650;;75;190
Saison;45;1062;101;678;3997;36;130;60;1021;700;;10;
Saison;200;104;1,009E+16;408;3267;435;240;60;1033;700;;;
American IPA;40;1058;101;631;6266;825;70;60;1033;700;31;;200
American Pale Ale;240;1,059E+16;1015;578;6597;455;277;60;1051;860;335;75;200
American Pale Ale;2082;1056;1013;569;285;517;2461;60;1048;800;;;2111
American Pale Ale;3028;1052;1011;538;4282;528;3785;60;1041;600;;;1778
American IPA;2082;1082;1022;779;16246;494;2839;60;106;700;15;35;1833
American IPA;230;126372;3,01826E+16;515;10074;423;270;65;108;600;31;75;210
American IPA;1250;1,059E+16;1013;599;5748;508;1450;60;1051;700;30;;200
Sweet Stout;2082;1065;1025;527;3589;416;2839;60;1048;700;15;;2056
Sweet Stout;200;1056;1018;503;3758;4466;400;60;1,019E+16;720;29;5;180
Blonde Ale;4542;1064;1016;629;1849;669;5678;60;1051;850;125;10;1944
American IPA;250;1065;1015;662;0;1009;330;90;1,049E+16;700;32;75;190
American Pale Ale;170;1055;1013;548;3574;802;200;65;;700;;;200
American Pale Ale;210;1045;1,009E+16;481;2725;729;110;60;1,086E+16;350;;;
American IPA;1136;1064;1016;631;8534;90;142;60;1051;750;15;;
American IPA;210;1053;101;571;3895;751;285;60;1,039E+16;740;30;;200
American Light Lager;20;1035;1,009E+16;342;0;411;20;60;1035;750;30;;
American IPA;1893;1061;1012;653;8138;483;2839;60;1041;700;15;;
American IPA;60;1075;1014;803;9306;693;100;90;1045;550;30;;250
Saison;2082;1058;1011;617;4604;398;2461;60;1,049E+16;700;15;35;2222
American Pale Ale;130;106;101;655;5671;426;150;90;1052;700;265;;
American IPA;205;1061;1012;648;5053;1113;240;60;1052;680;30;75;190
American IPA;210;1071;1013;767;10634;611;285;60;1053;700;30;;190
Irish Red Ale;230;1047;1012;458;2599;1934;257;60;1042;150;;;220
American IPA;157;1065;1015;661;6901;1007;220;60;1047;770;30;75;170
American Light Lager;1136;1061;1,019E+16;552;3729;1397;757;60;1091;750;;;
American IPA;2082;1068;1011;742;8843;612;2839;60;105;800;;;200
American Light Lager;1893;1065;1015;651;6248;575;265;60;1046;720;133;;
American Pale Ale;2082;106;1016;573;4096;584;3028;60;1041;700;15;125;
Sweet Stout;2082;1064;1024;519;381;418;2839;75;1047;700;125;35;200
American IPA;1893;1072;102;677;8364;773;2468;60;1055;750;15;;2111
American IPA;1893;1067;102;619;5543;1956;2839;60;1045;700;125;;200
Robust Porter;200;1051;1013;504;2785;2826;300;60;1034;650;30;;
American Amber Ale;2082;1047;1011;475;2202;1868;946;60;1104;750;;;
American IPA;1987;1068;1,019E+16;654;6587;834;2612;60;1052;750;13;75;2111
American IPA;2082;1077;1023;719;4246;582;2839;60;1057;700;;;200
American IPA;4542;1067;1011;733;5179;891;4921;90;1062;700;12;;1778
American Pale Ale;2082;1062;1012;656;5338;724;2555;60;1051;750;;;
American IPA;946;1067;1016;669;5438;589;1136;60;1056;350;;35;2222
American Light Lager;2271;1068;1,017E+16;678;3505;855;2839;60;1055;750;;;
American Pale Ale;250;1051;1012;516;5005;1329;280;60;;700;;;200
American Pale Ale;120;1045;1008;495;304;326;140;60;1,039E+16;700;;75;200
Imperial IPA;2177;1083;1012;93;11258;624;3596;90;1046;700;12;10;200
American IPA;2082;1068;1,017E+16;662;7352;83;1136;60;1072;350;;35;1833
American IPA;4164;1069;102;642;8142;849;4826;60;1,059E+16;750;105;5;1833
American IPA;2082;1055;1014;544;4724;611;265;60;1043;660;133;10;1722
Saison;250;1061;101;671;1834;745;310;60;1045;700;;;330
American IPA;1893;1057;1011;599;6228;968;2839;60;1038;600;;;200
American IPA;1893;1068;1013;724;1336;657;2839;60;1046;650;15;10;1833
Imperial IPA;4164;1078;1015;825;8358;784;4542;60;1071;700;15;10;1944
American IPA;852;1054;101;582;4762;708;1136;60;1,039E+16;800;;;
American IPA;2082;106;1012;635;7153;403;2839;60;1044;700;15;75;200
American IPA;1893;1061;1018;57;7521;43;1136;60;1102;350;;;
American Light Lager;2082;1037;1006;419;1111;246;2461;60;1032;700;;175;1278
American IPA;4164;1063;1,009E+16;714;18306;848;4542;60;1058;720;15;;1889
American IPA;2461;1034;1008;338;4703;338;3218;75;1026;750;15;;1556
American IPA;4164;1,066E+16;1016;657;12945;618;4732;60;1058;680;13;;
American IPA;220;1065;1015;651;8058;1147;280;90;1051;650;30;10;180
American IPA;80;1064;1015;636;5295;781;140;60;1036;750;;;
American Amber Ale;1987;1053;1013;517;2645;137;1136;60;1064;350;;;
American Amber Ale;420;1053;1,009E+16;576;517;2244;450;60;1,049E+16;700;25;;180
American IPA;1893;1058;1015;565;9464;642;2461;60;1045;580;15;35;200
Imperial IPA;2082;1077;1,019E+16;756;21218;1314;3218;60;105;700;;5;
American Light Lager;100;1037;1008;381;2067;274;120;60;1031;750;;75;200
American IPA;210;1065;1015;66;985;429;285;60;1048;700;;;220
American IPA;130;108;1025;721;7237;645;160;60;1,059E+16;750;30;;220
American IPA;1893;1073;1023;657;6542;59;1514;90;1091;750;15;;
Robust Porter;220;1074;1021;702;338;3624;280;60;1058;750;30;35;210
Irish Red Ale;2082;1055;1015;529;4494;134;2839;60;1041;700;133;;2111
American IPA;1893;107;1012;763;631;942;2839;60;1047;680;125;75;1833
American Pale Ale;2082;1053;1012;545;3764;1045;3244;60;1034;700;13;;2111
American IPA;100;1061;1014;62;6443;647;120;60;1051;700;30;;
American Pale Ale;1893;1053;1011;551;0;1255;1893;60;;750;;;
American IPA;2366;1058;1014;578;12534;64;1514;60;109;350;;;2111
American IPA;757;147895;3,65543E+16;602;6743;517;1136;60;100;650;15;75;200
American Pale Ale;250;121074;227338;524;3949;375;300;60;102;750;35;;
Blonde Ale;58674;1051;1012;516;2026;376;6738;60;1045;650;133;35;1944
Saison;2082;1058;1,007E+16;662;362;1138;2839;90;1042;800;125;5;2667
American Pale Ale;227;1056;1013;566;3729;759;265;60;1048;700;;75;190
Saison;480;1053;1008;598;2671;342;540;60;1047;830;25;75;220
American Amber Ale;1893;1069;1018;665;3697;1054;2461;60;1053;750;15;75;200
Saison;3785;1067;1013;706;6069;51;4542;60;1056;350;;;2111
Saison;2082;107;1014;731;3006;572;2839;90;1051;660;125;125;2667
American IPA;490;1057;101;621;6018;1125;630;90;1044;660;29;35;180
American Pale Ale;210;1058;1014;569;4253;74;110;60;111;750;;;200
American IPA;3785;1064;1014;66;8137;634;4542;60;1053;830;15;75;200
American Light Lager;1136;1063;1001;819;0;317;1136;60;1063;350;;;
American Pale Ale;350;1056;1,009E+16;611;477;1096;400;60;1,049E+16;650;25;75;190
Sweet Stout;100;1052;1018;457;5027;3878;120;60;1044;350;;35;190
Imperial IPA;1136;1075;1012;818;14704;623;1628;90;1052;700;15;125;1778
Imperial IPA;250;108;1016;843;10291;883;300;70;1067;700;;10;150
American IPA;2082;1063;1014;64;3918;703;2839;60;1046;750;15;;
American IPA;2006;105;1012;49;6181;1341;946;60;1,106E+16;350;;;
Imperial IPA;4164;1047;1013;443;4946;1079;4921;90;1036;800;15;35;1833
Imperial IPA;1893;1074;1,019E+16;732;13001;125;946;60;1149;350;;;
American IPA;2082;1069;1016;70;7809;771;2461;60;1058;650;15;5;1778
Saison;2082;1,059E+16;1011;639;3359;545;1136;60;1109;900;;10;200
Imperial IPA;1893;1088;1024;838;1102;1173;265;60;1063;750;;;200
American Amber Ale;1250;1055;1011;578;3506;1157;1330;60;1052;720;32;;
American IPA;1893;1051;1011;52;5405;1198;2839;60;1034;630;15;;200
American Pale Ale;2177;1063;1013;663;4225;793;265;60;;810;;;
American Light Lager;3407;1055;1011;588;3339;677;4164;60;1045;750;14;;
American Pale Ale;180;108;1015;848;14448;508;245;90;1,059E+16;750;30;;190
American Pale Ale;3785;1,059E+16;1015;578;3789;544;4542;60;1,049E+16;700;10;;
American Pale Ale;4164;1045;1008;484;5457;409;4732;60;104;750;132;75;1778
American Amber Ale;2082;1075;1025;651;2965;1789;3028;60;1051;750;;;
American Pale Ale;1893;1071;1024;617;3108;419;2271;60;1,059E+16;350;;10;1667
American Pale Ale;1000;1052;101;548;3019;64;1100;75;1047;740;30;75;190
American IPA;2082;1082;1,019E+16;829;19617;471;2839;60;106;720;15;;
American Pale Ale;1893;1061;1015;596;0;991;1893;60;;750;;;
American Pale Ale;210;1045;1,009E+16;478;3101;1015;110;60;1,086E+16;350;;;
American IPA;2271;1075;1014;801;611;485;265;60;1064;700;15;10;1944
American IPA;250;106;101;655;6449;38;285;90;1053;750;30;;180
American IPA;1893;1,059E+16;101;644;8018;1026;1136;60;1,098E+16;350;;35;200
Imperial IPA;190;1093;1023;916;13491;1304;284;90;1062;700;29;15;200
American Amber Ale;2082;1,049E+16;1,009E+16;518;4506;1048;2271;60;1045;350;;35;200
American Amber Ale;190;106;1015;588;3515;1218;250;60;1045;750;26;35;180
Saison;2082;1,059E+16;1012;618;2497;501;2461;70;;750;;;
American IPA;240;104;101;393;5306;2619;285;60;1034;580;31;;
American Pale Ale;4542;105;1,009E+16;541;3996;482;530;60;1043;750;15;;
American Pale Ale;210;1056;1016;526;2494;901;110;60;1,106E+16;350;;;
American IPA;9000;1062;1016;606;3976;55;9500;60;1,059E+16;700;30;;210
Blonde Ale;2082;1046;1,009E+16;487;2022;31;2461;60;1,039E+16;350;;;2222
Saison;2177;1087;1,007E+16;1053;8668;698;2707;90;106;690;151;75;1833
Saison;200;1,049E+16;101;513;4086;1359;250;60;1,039E+16;650;30;;
American IPA;2271;1071;1013;765;9711;851;2461;60;1065;740;15;10;1889
American IPA;250;1067;1011;726;9065;904;280;60;106;700;;10;180
Irish Red Ale;2271;1,049E+16;1,009E+16;524;4628;946;2839;60;1,039E+16;750;;;
Imperial IPA;190;1079;1,019E+16;797;4968;475;250;90;106;750;30;;
American IPA;18927;1057;101;614;10894;876;19495;60;1055;350;125;5;200
American IPA;2461;1,066E+16;1013;706;7788;511;1798;60;1091;350;;;
American IPA;1987;1065;1018;617;12727;3806;1514;60;1,086E+16;350;;;
Saison;1173;1057;1011;603;2696;493;1628;60;1041;650;;10;2222
Sweet Stout;2082;11;1021;1045;338;4996;2839;60;1073;880;15;;200
American IPA;1893;1073;1,017E+16;733;17389;625;2839;120;1,049E+16;700;125;;200
American IPA;2366;108;1023;747;4129;984;3028;60;1058;600;;5;2111
American IPA;1893;1062;1013;637;1728;419;2461;60;1047;700;125;5;200
Saison;4164;1058;1008;652;3352;454;5678;105;1042;680;125;75;200
American Pale Ale;1893;1028;1005;302;4737;802;2271;60;1023;350;;35;2222
American IPA;1987;1071;1018;693;6891;682;2839;60;105;720;15;10;200
Saison;500;1,076E+16;1,019E+16;746;2398;725;550;60;1069;900;30;;
American Pale Ale;1136;1,039E+16;1,007E+16;41;1972;858;1514;60;1,029E+16;350;;5;1833
American Pale Ale;1893;1046;1012;44;9858;454;946;30;1058;350;;;
American Light Lager;2082;1064;1015;644;4407;4191;2839;60;1047;700;15;75;2056
American IPA;4164;106;1012;652;4781;637;5678;90;1044;780;125;125;2056
American IPA;210;1058;1012;608;5412;989;285;60;1043;800;30;35;200
Imperial IPA;1893;1083;1025;764;12316;1061;2839;90;1055;700;125;;200
American IPA;200;1074;1013;806;3047;911;300;90;1045;350;;;190
Saison;2082;1052;101;551;4123;586;2385;60;1045;650;6;35;
American Light Lager;300;1037;101;351;1628;3373;300;60;1037;600;;;
American IPA;200;107;1,017E+16;693;5835;712;240;60;1058;680;30;75;170
Irish Red Ale;2082;1061;1,017E+16;571;1519;2293;2839;60;1045;750;15;;2111
Saison;3785;1057;1014;589;3171;42;4542;60;1048;620;125;5;2111
American Amber Ale;140817;1064;1015;647;3444;1223;147253;60;1061;860;15;125;200
American IPA;2082;1,066E+16;1016;659;6938;424;2461;60;1056;700;;35;200
Saison;2082;1051;1008;554;2981;47;2839;60;1037;700;15;35;1833
American Pale Ale;1893;1053;101;557;4559;703;2082;60;1048;550;;35;200
American IPA;1942;1061;1016;592;986;852;1136;60;1034;350;;35;2222
American IPA;2082;1052;1013;514;4856;678;2839;60;1038;700;20;;
American Pale Ale;420;1058;1015;571;3573;629;285;60;1085;700;30;;
Sweet Stout;27634;1067;1022;598;0;400;28958;60;1064;730;;;
American IPA;210;1,066E+16;1014;706;7819;607;285;60;1048;760;27;;190
American IPA;2271;1054;1014;531;3392;788;3028;60;1041;750;15;75;2111
Saison;379;1062;1015;608;2954;615;606;60;1,039E+16;650;15;;
Blonde Ale;1200;1044;1011;434;2263;896;1300;60;1041;650;31;;
American IPA;2082;1065;1016;64;7091;956;2839;60;1047;720;125;35;1667
American IPA;2461;1056;1011;59;4187;396;265;15;1052;720;;75;200
American Light Lager;946;1084;1015;908;4344;613;1276;90;1063;750;133;10;2111
American Light Lager;2082;1031;1008;301;0;31;1136;60;1056;350;;;
American Light Lager;2082;1043;1,009E+16;452;0;373;2801;60;1032;750;15;;
American IPA;2082;1,059E+16;1016;555;7025;762;2839;60;1043;750;15;;1722
American IPA;2082;1,059E+16;1,017E+16;579;2028;458;2839;60;1043;600;;75;1944
American IPA;200;1054;1,009E+16;592;5366;502;300;60;1036;700;;;200
American IPA;2082;1065;1016;638;723;1662;2839;60;1048;700;15;;
American IPA;2082;1064;1016;625;8422;709;265;60;105;700;;;
American IPA;2082;1069;1014;729;1191;799;2839;60;1051;700;144;125;1667
American Pale Ale;2082;1057;1015;554;4214;851;2839;60;1042;700;;;
American Amber Ale;2271;1047;1008;506;2111;1377;1514;60;107;700;;;
American IPA;210;166383;3,49498E+16;715;5397;753;240;60;147;720;;;190
Blonde Ale;4732;1051;1,009E+16;572;2333;578;5489;60;1044;740;125;75;1833
Robust Porter;1893;1047;1015;422;2664;2928;2699;90;1033;720;;;200
American IPA;215;1053;101;556;1009;518;260;60;1044;700;;;180
American IPA;1893;1,066E+16;1013;697;14718;753;2461;60;1051;650;175;5;2056
American IPA;3785;1062;1,017E+16;589;21269;528;4164;60;;700;;;
American IPA;2082;1061;1012;644;5147;851;265;60;1048;350;15;;
Imperial IPA;1893;1074;1018;735;8362;894;2839;60;105;750;15;35;200
American Pale Ale;2271;1051;1,009E+16;548;3769;661;2839;60;1041;720;;;
Saison;2271;1063;1012;664;4271;376;3028;90;1047;850;15;35;2222
Imperial IPA;3785;1093;1014;1034;8423;1479;3407;60;1103;780;;;
American Pale Ale;400;106;1015;593;4426;555;500;60;1048;750;;;
American Light Lager;210;1048;1011;475;5368;648;250;60;104;600;;;
American IPA;200;1044;101;445;2544;713;250;60;1035;650;373;;
Sweet Stout;400;105;1,019E+16;408;4411;3525;470;60;;700;;75;230
American Light Lager;19;104;101;398;0;265;20;60;1038;650;;;
American Pale Ale;175;1036;1011;327;350;793;150;20;1032;700;;75;150
American Pale Ale;125;1044;1,009E+16;472;3493;567;160;60;1035;600;;10;220
Imperial IPA;1893;1074;1013;799;884;912;1514;60;1093;350;;;1778
American Amber Ale;2082;104;1,009E+16;413;1687;1556;1136;60;1074;350;;35;2389
American Light Lager;2082;1069;1,017E+16;682;33155;546;2839;60;1051;600;15;35;200
American Pale Ale;2461;1053;1014;503;4041;563;2839;60;1046;750;;;
American Pale Ale;370;1034;1003;405;3385;608;400;60;1031;640;;75;200
American IPA;2082;1075;1013;815;0;839;2839;60;1055;700;;;1722
American IPA;210;1063;1016;614;6849;728;260;90;1051;690;;;190
Robust Porter;2082;1057;1016;542;5045;2665;1136;60;1105;350;;75;200
American Light Lager;10000;1053;1013;519;2665;106;5000;90;1105;800;31;;
American Light Lager;550;1054;1,009E+16;593;7572;679;600;60;105;750;30;35;170
Imperial IPA;4353;1097;1024;97;11357;1206;511;90;1083;680;125;125;2167
American IPA;1893;1057;1014;55;0;80;2271;60;;750;;;
American Amber Ale;3785;1053;1016;493;3107;144;4542;60;1044;650;15;5;200
Saison;757;1051;1013;498;1731;366;1703;75;1023;750;;35;2111
American Pale Ale;210;1057;1014;564;3816;809;285;60;1042;700;;;
American Light Lager;190;1038;1005;429;2837;408;220;60;1033;350;;;180
Saison;230;1052;1004;623;2556;315;320;60;;750;;75;210
Sweet Stout;1893;1058;102;49;3671;3811;1893;60;1058;350;;35;1889
American IPA;270;1062;1015;613;4376;569;320;60;1052;600;30;75;180
American Pale Ale;210;1032;1008;312;5048;1134;250;60;1,027E+16;350;333;5;
American IPA;220;149916;389385;601;735;441;260;60;128;700;32;75;200
Robust Porter;64731;1054;1013;54;4838;3321;71544;60;1,049E+16;880;125;;
American IPA;40;1053;1,009E+16;572;6452;966;60;70;1035;750;31;5;220
Irish Red Ale;1893;106;1016;576;2115;1287;2271;60;105;530;15;75;200
American Pale Ale;250;1054;1,009E+16;586;3294;615;350;60;1038;750;30;;0
Blonde Ale;23000;1,039E+16;1,007E+16;419;1648;483;24500;60;1037;750;25;35;180
American Pale Ale;1514;1,049E+16;101;512;4528;882;946;60;1078;750;;5;200
American IPA;210;1056;1011;597;5729;968;285;60;1041;750;30;;240
American IPA;400;1052;101;546;6713;737;460;60;1045;700;;;150
American IPA;78;1055;1,009E+16;607;9233;358;100;60;1043;300;;5;190
American Pale Ale;230;1058;1013;588;2863;477;270;70;1,049E+16;700;30;35;200
American Pale Ale;120;1048;1013;454;3095;863;150;90;1038;600;;;230
Imperial IPA;250;1078;1,017E+16;802;6507;487;300;90;1065;650;25;5;220
Irish Red Ale;1893;1045;1011;445;2423;1205;2082;60;1041;700;13;;
